"ベース型番","全表記型番","シリーズ名","愛称","年式","畳数目安","冷房能力(kW)","ユニークセリングポイント (USP)","USPコサイン類似度スコア","税込価格 (円)","税抜価格 (円)","価格コサイン類似度スコア","室内機型番","室内機質量 (kg)","室内機寸法_幅 (mm)","室内機寸法_高さ (mm)","室内機寸法_奥行 (mm)","室外機型番","室外機質量 (kg)","室外機寸法_幅 (mm)","室外機寸法_高さ (mm)","室外機寸法_奥行 (mm)","電源規格","配管径_液 (mm)","配管径_ガス (mm)","暖房能力 (kW)","暖房消費電力 (W)","冷房能力 (kW)","冷房消費電力 (W)","年間消費電力量 (kWh)","APF (通年エネルギー消費効率)","冷媒種類","冷媒封入量 (kg)","GWP","おもなおすすめ機能"
"S22ATRS","S22ATRS; S22ATRS-W(-C)","RX SERIES","うるさらX","2026年モデル","6畳程度","2.2","無給水加湿と気流で快適 節電自動運転搭載のフラッグシップモデル","1","517000","470000","0.856","F22ATRS-W(-C)","16","798","295","370","R22ARS","43","795","728","300","単相100V 20A","6.4","9.5","2.5","440","2.2","390","603","6.9","R32","0.96","675","スイングコンプレッサー / デシクル制御 / NEW プレミアムPIT制御 / プレミアム冷房 / 高外気タフネス冷房 (50℃対応) / 低外気タフネス暖房 (-25℃対応) / うるる加湿 (無給水加湿) / 吸音マフラー / さらら除湿 (リニアハイブリッド方式) / AI快適自動運転 (人・床・壁センサー / 換気制御) / 節電自動運転 (温度・しつどコントロール) / 垂直気流 (暖房・冷房) / サーキュレーション気流 / NEW 猛暑時スピード気流 / オートスイング (上下/左右/立体) / 給気換気／排気換気 / 水内部クリーン (加湿水洗浄/結露水洗浄) / ストリーマ (空気清浄/内部クリーン) / セルフウォッシュ熱交換器 / 防カビ加工ファン / 銀イオン抗菌剤 (室内機ドレンパン) / 抗ウイルスフィルター / フィルター自動お掃除 / 高温風モード (最大60℃吹出し) / NEW エコブースト制御 / ヒートブースト制御/クールブースト制御 / 室温パトロール/消し忘れ防止機能 / しつどクリーン/パワーセレクト/音声応答機能 / 新・おやすみ運転 / かんたん大画面リモコン / 無線LAN接続アダプター内蔵"
"S25ATRS","S25ATRS; S25ATRS-W(-C)","RX SERIES","うるさらX","2026年モデル","8畳程度","2.5","無給水加湿と気流で快適 節電自動運転搭載のフラッグシップモデル","1","561000","510000","0.857","F25ATRS-W(-C)","16","798","295","370","R25ARS","43","795","728","300","単相100V 20A","6.4","9.5","2.8","500","2.5","470","695","6.8","R32","0.96","675","スイングコンプレッサー / デシクル制御 / NEW プレミアムPIT制御 / プレミアム冷房 / 高外気タフネス冷房 (50℃対応) / 低外気タフネス暖房 (-25℃対応) / うるる加湿 (無給水加湿) / 吸音マフラー / さらら除湿 (リニアハイブリッド方式) / AI快適自動運転 (人・床・壁センサー / 換気制御) / 節電自動運転 (温度・しつどコントロール) / 垂直気流 (暖房・冷房) / サーキュレーション気流 / NEW 猛暑時スピード気流 / オートスイング (上下/左右/立体) / 給気換気／排気換気 / 水内部クリーン (加湿水洗浄/結露水洗浄) / ストリーマ (空気清浄/内部クリーン) / セルフウォッシュ熱交換器 / 防カビ加工ファン / 銀イオン抗菌剤 (室内機ドレンパン) / 抗ウイルスフィルター / フィルター自動お掃除 / 高温風モード (最大60℃吹出し) / NEW エコブースト制御 / ヒートブースト制御/クールブースト制御 / 室温パトロール/消し忘れ防止機能 / しつどクリーン/パワーセレクト/音声応答機能 / 新・おやすみ運転 / かんたん大画面リモコン / 無線LAN接続アダプター内蔵"
"S28ATRS","S28ATRS; S28ATRS-W(-C)","RX SERIES","うるさらX","2026年モデル","10畳程度","2.8","無給水加湿と気流で快適 節電自動運転搭載のフラッグシップモデル","1","605000","550000","0.856","F28ATRS-W(-C)","16","798","295","370","R28ARS","46","795","728","300","単相100V 20A","6.4","9.5","3.6","660","2.8","550","790","6.7","R32","1.02","675","スイングコンプレッサー / デシクル制御 / NEW プレミアムPIT制御 / プレミアム冷房 / 高外気タフネス冷房 (50℃対応) / 低外気タフネス暖房 (-25℃対応) / うるる加湿 (無給水加湿) / 吸音マフラー / さらら除湿 (リニアハイブリッド方式) / AI快適自動運転 (人・床・壁センサー / 換気制御) / 節電自動運転 (温度・しつどコントロール) / 垂直気流 (暖房・冷房) / サーキュレーション気流 / NEW 猛暑時スピード気流 / オートスイング (上下/左右/立体) / 給気換気／排気換気 / 水内部クリーン (加湿水洗浄/結露水洗浄) / ストリーマ (空気清浄/内部クリーン) / セルフウォッシュ熱交換器 / 防カビ加工ファン / 銀イオン抗菌剤 (室内機ドレンパン) / 抗ウイルスフィルター / フィルター自動お掃除 / 高温風モード (最大60℃吹出し) / NEW エコブースト制御 / ヒートブースト制御/クールブースト制御 / 室温パトロール/消し忘れ防止機能 / しつどクリーン/パワーセレクト/音声応答機能 / 新・おやすみ運転 / かんたん大画面リモコン / 無線LAN接続アダプター内蔵"
"S36ATRS","S36ATRS; S36ATRS-W(-C)","RX SERIES","うるさらX","2026年モデル","12畳程度","3.6","無給水加湿と気流で快適 節電自動運転搭載のフラッグシップモデル","1","627000","570000","0.856","F36ATRS-W(-C)","16","798","295","370","R36ARS","48","795","728","300","単相100V 20A","6.4","9.5","4.2","810","3.6","800","1032","6.6","R32","1.02","675","スイングコンプレッサー / デシクル制御 / NEW プレミアムPIT制御 / プレミアム冷房 / 高外気タフネス冷房 (50℃対応) / 低外気タフネス暖房 (-25℃対応) / うるる加湿 (無給水加湿) / 吸音マフラー / さらら除湿 (リニアハイブリッド方式) / AI快適自動運転 (人・床・壁センサー / 換気制御) / 節電自動運転 (温度・しつどコントロール) / 垂直気流 (暖房・冷房) / サーキュレーション気流 / NEW 猛暑時スピード気流 / オートスイング (上下/左右/立体) / 給気換気／排気換気 / 水内部クリーン (加湿水洗浄/結露水洗浄) / ストリーマ (空気清浄/内部クリーン) / セルフウォッシュ熱交換器 / 防カビ加工ファン / 銀イオン抗菌剤 (室内機ドレンパン) / 抗ウイルスフィルター / フィルター自動お掃除 / 高温風モード (最大60℃吹出し) / NEW エコブースト制御 / ヒートブースト制御/クールブースト制御 / 室温パトロール/消し忘れ防止機能 / しつどクリーン/パワーセレクト/音声応答機能 / 新・おやすみ運転 / かんたん大画面リモコン / 無線LAN接続アダプター内蔵"
"S40ATRS","S40ATRS(P)(V); S40ATRS-W(-C); S40ATRS","RX SERIES","うるさらX","2026年モデル","14畳程度","4","無給水加湿と気流で快適 節電自動運転搭載のフラッグシップモデル","1","660000","600000","0.868","F40ATRS-W(-C)","16.5","798","295","370","R40ARS","48","795","728","300","単相100V 20A","6.4","9.5","5","1000","4","920","1146","6.6","R32","1.02","675","スイングコンプレッサー / デシクル制御 / NEW プレミアムPIT制御 / プレミアム冷房 / 高外気タフネス冷房 (50℃対応) / 低外気タフネス暖房 (-25℃対応) / うるる加湿 (無給水加湿) / 吸音マフラー / さらら除湿 (リニアハイブリッド方式) / AI快適自動運転 (人・床・壁センサー / 換気制御) / 節電自動運転 (温度・しつどコントロール) / 垂直気流 (暖房・冷房) / サーキュレーション気流 / NEW 猛暑時スピード気流 / オートスイング (上下/左右/立体) / 給気換気／排気換気 / 水内部クリーン (加湿水洗浄/結露水洗浄) / ストリーマ (空気清浄/内部クリーン) / セルフウォッシュ熱交換器 / 防カビ加工ファン / 銀イオン抗菌剤 (室内機ドレンパン) / 抗ウイルスフィルター / フィルター自動お掃除 / 高温風モード (最大60℃吹出し) / NEW エコブースト制御 / ヒートブースト制御/クールブースト制御 / 室温パトロール/消し忘れ防止機能 / しつどクリーン/パワーセレクト/音声応答機能 / 新・おやすみ運転 / かんたん大画面リモコン / 無線LAN接続アダプター内蔵"
"S56ATRP","S56ATRP(V); S56ATRP-W(-C)","RX SERIES","うるさらX","2026年モデル","18畳程度","5.6","無給水加湿と気流で快適 節電自動運転搭載のフラッグシップモデル","1","715000","650000","0.856","F56ATRP-W(-C)","16.5","798","295","370","R56ARP","56","850","862","320","単相200V 20A","6.4","9.5","6.7","1380","5.6","1390","1605","6.6","R32","","675","スイングコンプレッサー / デシクル制御 / NEW プレミアムPIT制御 / プレミアム冷房 / 高外気タフネス冷房 (50℃対応) / 低外気タフネス暖房 (-25℃対応) / うるる加湿 (無給水加湿) / 吸音マフラー / さらら除湿 (リニアハイブリッド方式) / AI快適自動運転 (人・床・壁センサー / 換気制御) / 節電自動運転 (温度・しつどコントロール) / 垂直気流 (暖房・冷房) / サーキュレーション気流 / NEW 猛暑時スピード気流 / オートスイング (上下/左右/立体) / 給気換気／排気換気 / 水内部クリーン (加湿水洗浄/結露水洗浄) / ストリーマ (空気清浄/内部クリーン) / セルフウォッシュ熱交換器 / 防カビ加工ファン / 銀イオン抗菌剤 (室内機ドレンパン) / 抗ウイルスフィルター / フィルター自動お掃除 / 高温風モード (最大60℃吹出し) / NEW エコブースト制御 / ヒートブースト制御/クールブースト制御 / 室温パトロール/消し忘れ防止機能 / しつどクリーン/パワーセレクト/音声応答機能 / 新・おやすみ運転 / かんたん大画面リモコン / 無線LAN接続アダプター内蔵"
"S63ATRP","S63ATRP(V); S63ATRP-W(-C)","RX SERIES","うるさらX","2026年モデル","20畳程度","6.3","無給水加湿と気流で快適 節電自動運転搭載のフラッグシップモデル","1","803000","730000","0.856","F63ATRP-W(-C)","16.5","798","295","370","R63ARP","52","850","799","320","単相200V 20A","6.4","12.7","7.1","1550","6.3","1750","1922","6.2","R32","","675","スイングコンプレッサー / デシクル制御 / NEW プレミアムPIT制御 / プレミアム冷房 / 高外気タフネス冷房 (50℃対応) / 低外気タフネス暖房 (-25℃対応) / うるる加湿 (無給水加湿) / 吸音マフラー / さらら除湿 (リニアハイブリッド方式) / AI快適自動運転 (人・床・壁センサー / 換気制御) / 節電自動運転 (温度・しつどコントロール) / 垂直気流 (暖房・冷房) / サーキュレーション気流 / NEW 猛暑時スピード気流 / オートスイング (上下/左右/立体) / 給気換気／排気換気 / 水内部クリーン (加湿水洗浄/結露水洗浄) / ストリーマ (空気清浄/内部クリーン) / セルフウォッシュ熱交換器 / 防カビ加工ファン / 銀イオン抗菌剤 (室内機ドレンパン) / 抗ウイルスフィルター / フィルター自動お掃除 / 高温風モード (最大60℃吹出し) / NEW エコブースト制御 / ヒートブースト制御/クールブースト制御 / 室温パトロール/消し忘れ防止機能 / しつどクリーン/パワーセレクト/音声応答機能 / 新・おやすみ運転 / かんたん大画面リモコン / 無線LAN接続アダプター内蔵"
"S71ATRP","S71ATRP(V); S71ATRP-W(-C)","RX SERIES","うるさらX","2026年モデル","23畳程度","7.1","無給水加湿と気流で快適 節電自動運転搭載のフラッグシップモデル","1","880000","800000","0.868","F71ATRP-W(-C)","16.5","798","295","370","R71ARP","55","850","862","320","単相200V 20A","6.4","12.7","8.5","2020","7.1","2210","2276","5.9","R32","","675","スイングコンプレッサー / デシクル制御 / NEW プレミアムPIT制御 / プレミアム冷房 / 高外気タフネス冷房 (50℃対応) / 低外気タフネス暖房 (-25℃対応) / うるる加湿 (無給水加湿) / 吸音マフラー / さらら除湿 (リニアハイブリッド方式) / AI快適自動運転 (人・床・壁センサー / 換気制御) / 節電自動運転 (温度・しつどコントロール) / 垂直気流 (暖房・冷房) / サーキュレーション気流 / NEW 猛暑時スピード気流 / オートスイング (上下/左右/立体) / 給気換気／排気換気 / 水内部クリーン (加湿水洗浄/結露水洗浄) / ストリーマ (空気清浄/内部クリーン) / セルフウォッシュ熱交換器 / 防カビ加工ファン / 銀イオン抗菌剤 (室内機ドレンパン) / 抗ウイルスフィルター / フィルター自動お掃除 / 高温風モード (最大60℃吹出し) / NEW エコブースト制御 / ヒートブースト制御/クールブースト制御 / 室温パトロール/消し忘れ防止機能 / しつどクリーン/パワーセレクト/音声応答機能 / 新・おやすみ運転 / かんたん大画面リモコン / 無線LAN接続アダプター内蔵"
"S80ATRP","S80ATRP(V); S80ATRP-W(-C)","RX SERIES","うるさらX","2026年モデル","26畳程度","8","無給水加湿と気流で快適 節電自動運転搭載のフラッグシップモデル","1","957000","870000","0.856","F80ATRP-W(-C)","16.5","798","295","370","R80ARP","59","850","862","320","単相200V 20A","6.4","12.7","9.5","2450","8","2910","2655","5.7","R32","","675","スイングコンプレッサー / デシクル制御 / NEW プレミアムPIT制御 / プレミアム冷房 / 高外気タフネス冷房 (50℃対応) / 低外気タフネス暖房 (-25℃対応) / うるる加湿 (無給水加湿) / 吸音マフラー / さらら除湿 (リニアハイブリッド方式) / AI快適自動運転 (人・床・壁センサー / 換気制御) / 節電自動運転 (温度・しつどコントロール) / 垂直気流 (暖房・冷房) / サーキュレーション気流 / NEW 猛暑時スピード気流 / オートスイング (上下/左右/立体) / 給気換気／排気換気 / 水内部クリーン (加湿水洗浄/結露水洗浄) / ストリーマ (空気清浄/内部クリーン) / セルフウォッシュ熱交換器 / 防カビ加工ファン / 銀イオン抗菌剤 (室内機ドレンパン) / 抗ウイルスフィルター / フィルター自動お掃除 / 高温風モード (最大60℃吹出し) / NEW エコブースト制御 / ヒートブースト制御/クールブースト制御 / 室温パトロール/消し忘れ防止機能 / しつどクリーン/パワーセレクト/音声応答機能 / 新・おやすみ運転 / かんたん大画面リモコン / 無線LAN接続アダプター内蔵"
"S90ATRP","S90ATRP(V); S90ATRP-W(-C)","RX SERIES","うるさらX","2026年モデル","29畳程度","9","無給水加湿と気流で快適 節電自動運転搭載のフラッグシップモデル","1","1034000","940000","0.849","F90ATRP-W(-C)","16.5","798","295","370","R90ARP","59","850","862","320","単相200V 20A","6.4","12.7","10.6","2960","9","2990","3274","5.2","R32","","675","スイングコンプレッサー / デシクル制御 / NEW プレミアムPIT制御 / プレミアム冷房 / 高外気タフネス冷房 (50℃対応) / 低外気タフネス暖房 (-25℃対応) / うるる加湿 (無給水加湿) / 吸音マフラー / さらら除湿 (リニアハイブリッド方式) / AI快適自動運転 (人・床・壁センサー / 換気制御) / 節電自動運転 (温度・しつどコントロール) / 垂直気流 (暖房・冷房) / サーキュレーション気流 / NEW 猛暑時スピード気流 / オートスイング (上下/左右/立体) / 給気換気／排気換気 / 水内部クリーン (加湿水洗浄/結露水洗浄) / ストリーマ (空気清浄/内部クリーン) / セルフウォッシュ熱交換器 / 防カビ加工ファン / 銀イオン抗菌剤 (室内機ドレンパン) / 抗ウイルスフィルター / フィルター自動お掃除 / 高温風モード (最大60℃吹出し) / NEW エコブースト制御 / ヒートブースト制御/クールブースト制御 / 室温パトロール/消し忘れ防止機能 / しつどクリーン/パワーセレクト/音声応答機能 / 新・おやすみ運転 / かんたん大画面リモコン / 無線LAN接続アダプター内蔵"
"S22ATAS","S22ATAS","AX SERIES","","2026年モデル","6畳程度","2.2","さらら除湿、快適気流、節電自動運転など便利機能が充実のハイグレードモデル","1","473000","430000","1","F22ATAS","16","","","","R22AAS","35","","","","単100V","6.4","9.5","2.5","440","2.2","390","603","6.9","R32","0.96","675","スイングコンプレッサー / デシクル制御 / NEW プレミアムPIT制御 / プレミアム冷房 / 高外気タフネス冷房 (50℃対応) / 低外気タフネス暖房 (-25℃対応) / さらら除湿 (リニアハイブリッド方式) / AI快適自動運転 (人・床・壁センサー) / 節電自動運転 (温度・しつどコントロール) / 垂直気流 (暖房・冷房) / サーキュレーション気流 / NEW 猛暑時スピード気流 / オートスイング (上下/左右/立体) / 水内部クリーン (結露水洗浄) / ストリーマ (空気清浄/内部クリーン) / セルフウォッシュ熱交換器 / 防カビ加工ファン / 銀イオン抗菌剤 (室内機ドレンパン) / 抗ウイルスフィルター / フィルター自動お掃除 / 高温風モード (最大60℃吹出し) / NEW エコブースト制御 / ヒートブースト制御/クールブースト制御 / 室温パトロール/消し忘れ防止機能 / しつどクリーン/パワーセレクト/音声応答機能 / 新・おやすみ運転 / かんたん大画面リモコン / 無線LAN接続アダプター内蔵"
"S25ATAS","S25ATAS","AX SERIES","","2026年モデル","8畳程度","2.5","さらら除湿、快適気流、節電自動運転など便利機能が充実のハイグレードモデル","1","506000","460000","1","F25ATAS","16","","","","R25AAS","35","","","","単100V","6.4","9.5","2.8","500","2.5","470","695","6.8","R32","0.96","675","スイングコンプレッサー / デシクル制御 / NEW プレミアムPIT制御 / プレミアム冷房 / 高外気タフネス冷房 (50℃対応) / 低外気タフネス暖房 (-25℃対応) / さらら除湿 (リニアハイブリッド方式) / AI快適自動運転 (人・床・壁センサー) / 節電自動運転 (温度・しつどコントロール) / 垂直気流 (暖房・冷房) / サーキュレーション気流 / NEW 猛暑時スピード気流 / オートスイング (上下/左右/立体) / 水内部クリーン (結露水洗浄) / ストリーマ (空気清浄/内部クリーン) / セルフウォッシュ熱交換器 / 防カビ加工ファン / 銀イオン抗菌剤 (室内機ドレンパン) / 抗ウイルスフィルター / フィルター自動お掃除 / 高温風モード (最大60℃吹出し) / NEW エコブースト制御 / ヒートブースト制御/クールブースト制御 / 室温パトロール/消し忘れ防止機能 / しつどクリーン/パワーセレクト/音声応答機能 / 新・おやすみ運転 / かんたん大画面リモコン / 無線LAN接続アダプター内蔵"
"S28ATAS","S28ATAS","AX SERIES","","2026年モデル","10畳程度","2.8","さらら除湿、快適気流、節電自動運転など便利機能が充実のハイグレードモデル","1","539000","490000","1","F28ATAS","16","","","","R28AAS","38","","","","単100V","6.4","9.5","3.6","660","2.8","550","790","6.7","R32","1.02","675","スイングコンプレッサー / デシクル制御 / NEW プレミアムPIT制御 / プレミアム冷房 / 高外気タフネス冷房 (50℃対応) / 低外気タフネス暖房 (-25℃対応) / さらら除湿 (リニアハイブリッド方式) / AI快適自動運転 (人・床・壁センサー) / 節電自動運転 (温度・しつどコントロール) / 垂直気流 (暖房・冷房) / サーキュレーション気流 / NEW 猛暑時スピード気流 / オートスイング (上下/左右/立体) / 水内部クリーン (結露水洗浄) / ストリーマ (空気清浄/内部クリーン) / セルフウォッシュ熱交換器 / 防カビ加工ファン / 銀イオン抗菌剤 (室内機ドレンパン) / 抗ウイルスフィルター / フィルター自動お掃除 / 高温風モード (最大60℃吹出し) / NEW エコブースト制御 / ヒートブースト制御/クールブースト制御 / 室温パトロール/消し忘れ防止機能 / しつどクリーン/パワーセレクト/音声応答機能 / 新・おやすみ運転 / かんたん大画面リモコン / 無線LAN接続アダプター内蔵"
"S36ATAS","S36ATAS","AX SERIES","","2026年モデル","12畳程度","3.6","さらら除湿、快適気流、節電自動運転など便利機能が充実のハイグレードモデル","1","583000","530000","1","","","","","","","","","","","","","","","","","","","","R32","","675","スイングコンプレッサー / デシクル制御 / NEW プレミアムPIT制御 / プレミアム冷房 / 高外気タフネス冷房 (50℃対応) / 低外気タフネス暖房 (-25℃対応) / さらら除湿 (リニアハイブリッド方式) / AI快適自動運転 (人・床・壁センサー) / 節電自動運転 (温度・しつどコントロール) / 垂直気流 (暖房・冷房) / サーキュレーション気流 / NEW 猛暑時スピード気流 / オートスイング (上下/左右/立体) / 水内部クリーン (結露水洗浄) / ストリーマ (空気清浄/内部クリーン) / セルフウォッシュ熱交換器 / 防カビ加工ファン / 銀イオン抗菌剤 (室内機ドレンパン) / 抗ウイルスフィルター / フィルター自動お掃除 / 高温風モード (最大60℃吹出し) / NEW エコブースト制御 / ヒートブースト制御/クールブースト制御 / 室温パトロール/消し忘れ防止機能 / しつどクリーン/パワーセレクト/音声応答機能 / 新・おやすみ運転 / かんたん大画面リモコン / 無線LAN接続アダプター内蔵"
"S40ATAS","S40ATAS(P)(V)","AX SERIES","","2026年モデル","14畳程度","4","さらら除湿、快適気流、節電自動運転など便利機能が充実のハイグレードモデル","1","616000","560000","1","","","","","","","","","","","","","","","","","","","","R32","","675","スイングコンプレッサー / デシクル制御 / NEW プレミアムPIT制御 / プレミアム冷房 / 高外気タフネス冷房 (50℃対応) / 低外気タフネス暖房 (-25℃対応) / さらら除湿 (リニアハイブリッド方式) / AI快適自動運転 (人・床・壁センサー) / 節電自動運転 (温度・しつどコントロール) / 垂直気流 (暖房・冷房) / サーキュレーション気流 / NEW 猛暑時スピード気流 / オートスイング (上下/左右/立体) / 水内部クリーン (結露水洗浄) / ストリーマ (空気清浄/内部クリーン) / セルフウォッシュ熱交換器 / 防カビ加工ファン / 銀イオン抗菌剤 (室内機ドレンパン) / 抗ウイルスフィルター / フィルター自動お掃除 / 高温風モード (最大60℃吹出し) / NEW エコブースト制御 / ヒートブースト制御/クールブースト制御 / 室温パトロール/消し忘れ防止機能 / しつどクリーン/パワーセレクト/音声応答機能 / 新・おやすみ運転 / かんたん大画面リモコン / 無線LAN接続アダプター内蔵"
"S56ATAP","S56ATAP(V)","AX SERIES","","2026年モデル","18畳程度","5.6","さらら除湿、快適気流、節電自動運転など便利機能が充実のハイグレードモデル","1","682000","620000","1","","","","","","","","","","","","","","","","","","","","R32","","675","スイングコンプレッサー / デシクル制御 / NEW プレミアムPIT制御 / プレミアム冷房 / 高外気タフネス冷房 (50℃対応) / 低外気タフネス暖房 (-25℃対応) / さらら除湿 (リニアハイブリッド方式) / AI快適自動運転 (人・床・壁センサー) / 節電自動運転 (温度・しつどコントロール) / 垂直気流 (暖房・冷房) / サーキュレーション気流 / NEW 猛暑時スピード気流 / オートスイング (上下/左右/立体) / 水内部クリーン (結露水洗浄) / ストリーマ (空気清浄/内部クリーン) / セルフウォッシュ熱交換器 / 防カビ加工ファン / 銀イオン抗菌剤 (室内機ドレンパン) / 抗ウイルスフィルター / フィルター自動お掃除 / 高温風モード (最大60℃吹出し) / NEW エコブースト制御 / ヒートブースト制御/クールブースト制御 / 室温パトロール/消し忘れ防止機能 / しつどクリーン/パワーセレクト/音声応答機能 / 新・おやすみ運転 / かんたん大画面リモコン / 無線LAN接続アダプター内蔵"
"S63ATAP","S63ATAP(V)","AX SERIES","","2026年モデル","20畳程度","6.3","さらら除湿、快適気流、節電自動運転など便利機能が充実のハイグレードモデル","1","781000","710000","1","","","","","","","","","","","","","","","","","","","","R32","","675","スイングコンプレッサー / デシクル制御 / NEW プレミアムPIT制御 / プレミアム冷房 / 高外気タフネス冷房 (50℃対応) / 低外気タフネス暖房 (-25℃対応) / さらら除湿 (リニアハイブリッド方式) / AI快適自動運転 (人・床・壁センサー) / 節電自動運転 (温度・しつどコントロール) / 垂直気流 (暖房・冷房) / サーキュレーション気流 / NEW 猛暑時スピード気流 / オートスイング (上下/左右/立体) / 水内部クリーン (結露水洗浄) / ストリーマ (空気清浄/内部クリーン) / セルフウォッシュ熱交換器 / 防カビ加工ファン / 銀イオン抗菌剤 (室内機ドレンパン) / 抗ウイルスフィルター / フィルター自動お掃除 / 高温風モード (最大60℃吹出し) / NEW エコブースト制御 / ヒートブースト制御/クールブースト制御 / 室温パトロール/消し忘れ防止機能 / しつどクリーン/パワーセレクト/音声応答機能 / 新・おやすみ運転 / かんたん大画面リモコン / 無線LAN接続アダプター内蔵"
"S71ATAP","S71ATAP(V)","AX SERIES","","2026年モデル","23畳程度","7.1","さらら除湿、快適気流、節電自動運転など便利機能が充実のハイグレードモデル","1","858000","780000","1","","","","","","","","","","","","","","","","","","","","R32","","675","スイングコンプレッサー / デシクル制御 / NEW プレミアムPIT制御 / プレミアム冷房 / 高外気タフネス冷房 (50℃対応) / 低外気タフネス暖房 (-25℃対応) / さらら除湿 (リニアハイブリッド方式) / AI快適自動運転 (人・床・壁センサー) / 節電自動運転 (温度・しつどコントロール) / 垂直気流 (暖房・冷房) / サーキュレーション気流 / NEW 猛暑時スピード気流 / オートスイング (上下/左右/立体) / 水内部クリーン (結露水洗浄) / ストリーマ (空気清浄/内部クリーン) / セルフウォッシュ熱交換器 / 防カビ加工ファン / 銀イオン抗菌剤 (室内機ドレンパン) / 抗ウイルスフィルター / フィルター自動お掃除 / 高温風モード (最大60℃吹出し) / NEW エコブースト制御 / ヒートブースト制御/クールブースト制御 / 室温パトロール/消し忘れ防止機能 / しつどクリーン/パワーセレクト/音声応答機能 / 新・おやすみ運転 / かんたん大画面リモコン / 無線LAN接続アダプター内蔵"
"S80ATAP","S80ATAP(V)","AX SERIES","","2026年モデル","26畳程度","8","さらら除湿、快適気流、節電自動運転など便利機能が充実のハイグレードモデル","1","935000","850000","1","","","","","","","","","","","","","","","","","","","","R32","","675","スイングコンプレッサー / デシクル制御 / NEW プレミアムPIT制御 / プレミアム冷房 / 高外気タフネス冷房 (50℃対応) / 低外気タフネス暖房 (-25℃対応) / さらら除湿 (リニアハイブリッド方式) / AI快適自動運転 (人・床・壁センサー) / 節電自動運転 (温度・しつどコントロール) / 垂直気流 (暖房・冷房) / サーキュレーション気流 / NEW 猛暑時スピード気流 / オートスイング (上下/左右/立体) / 水内部クリーン (結露水洗浄) / ストリーマ (空気清浄/内部クリーン) / セルフウォッシュ熱交換器 / 防カビ加工ファン / 銀イオン抗菌剤 (室内機ドレンパン) / 抗ウイルスフィルター / フィルター自動お掃除 / 高温風モード (最大60℃吹出し) / NEW エコブースト制御 / ヒートブースト制御/クールブースト制御 / 室温パトロール/消し忘れ防止機能 / しつどクリーン/パワーセレクト/音声応答機能 / 新・おやすみ運転 / かんたん大画面リモコン / 無線LAN接続アダプター内蔵"
"S90ATAP","S90ATAP(V)","AX SERIES","","2026年モデル","29畳程度","9","さらら除湿、快適気流、節電自動運転など便利機能が充実のハイグレードモデル","1","1012000","920000","1","","","","","","","","","","","","","","","","","","","","R32","","675","スイングコンプレッサー / デシクル制御 / NEW プレミアムPIT制御 / プレミアム冷房 / 高外気タフネス冷房 (50℃対応) / 低外気タフネス暖房 (-25℃対応) / さらら除湿 (リニアハイブリッド方式) / AI快適自動運転 (人・床・壁センサー) / 節電自動運転 (温度・しつどコントロール) / 垂直気流 (暖房・冷房) / サーキュレーション気流 / NEW 猛暑時スピード気流 / オートスイング (上下/左右/立体) / 水内部クリーン (結露水洗浄) / ストリーマ (空気清浄/内部クリーン) / セルフウォッシュ熱交換器 / 防カビ加工ファン / 銀イオン抗菌剤 (室内機ドレンパン) / 抗ウイルスフィルター / フィルター自動お掃除 / 高温風モード (最大60℃吹出し) / NEW エコブースト制御 / ヒートブースト制御/クールブースト制御 / 室温パトロール/消し忘れ防止機能 / しつどクリーン/パワーセレクト/音声応答機能 / 新・おやすみ運転 / かんたん大画面リモコン / 無線LAN接続アダプター内蔵"
"S22ATSS","S22ATSS","SX SERIES","risora","2026年モデル","6畳程度","2.2","薄さと色で理想の空間を彩るスタイリッシュエアコン","1","396000","360000","1","F22ATSSW(K)","9","","","","R22ASS","21","","","","単100V","6.4","9.5","2.5","435","2.2","555","705","5.9","R32","0.46","675","スイングコンプレッサー / デシクル制御・PIT制御 / プレミアム冷房 / 高外気タフネス冷房 (50℃対応) / 低外気タフネス暖房 (-15℃対応) / さらら除湿 / 快適自動運転 (人・床温度センサー) / 垂直気流 (暖房) / 風ないス運転 (天井気流) / オートスイング (上下/左右/立体) / 水内部クリーン (結露水洗浄) / ストリーマ (空気清浄/内部クリーン) / クリアコート熱交換器 / 防カビ加工ファン / 抗ウイルスフィルター / ヒートブースト制御/クールブースト制御 / 室温パトロール/消し忘れ防止機能 / おやすみ運転 / かんたんスタイリッシュリモコン / 無線LAN接続アダプター内蔵"
"S25ATSS","S25ATSS","SX SERIES","risora","2026年モデル","8畳程度","2.5","薄さと色で理想の空間を彩るスタイリッシュエアコン","1","429000","390000","1","F25ATSSW(K)","9","","","","R25ASS","25","","","","単100V","6.4","9.5","2.8","590","2.5","650","802","5.9","R32","0.65","675","スイングコンプレッサー / デシクル制御・PIT制御 / プレミアム冷房 / 高外気タフネス冷房 (50℃対応) / 低外気タフネス暖房 (-15℃対応) / さらら除湿 / 快適自動運転 (人・床温度センサー) / 垂直気流 (暖房) / 風ないス運転 (天井気流) / オートスイング (上下/左右/立体) / 水内部クリーン (結露水洗浄) / ストリーマ (空気清浄/内部クリーン) / クリアコート熱交換器 / 防カビ加工ファン / 抗ウイルスフィルター / ヒートブースト制御/クールブースト制御 / 室温パトロール/消し忘れ防止機能 / おやすみ運転 / かんたんスタイリッシュリモコン / 無線LAN接続アダプター内蔵"
"S28ATSS","S28ATSS","SX SERIES","risora","2026年モデル","10畳程度","2.8","薄さと色で理想の空間を彩るスタイリッシュエアコン","1","462000","420000","1","","","","","","","","","","","","","","","","","","","","R32","","675","スイングコンプレッサー / デシクル制御・PIT制御 / プレミアム冷房 / 高外気タフネス冷房 (50℃対応) / 低外気タフネス暖房 (-15℃対応) / さらら除湿 / 快適自動運転 (人・床温度センサー) / 垂直気流 (暖房) / 風ないス運転 (天井気流) / オートスイング (上下/左右/立体) / 水内部クリーン (結露水洗浄) / ストリーマ (空気清浄/内部クリーン) / クリアコート熱交換器 / 防カビ加工ファン / 抗ウイルスフィルター / ヒートブースト制御/クールブースト制御 / 室温パトロール/消し忘れ防止機能 / おやすみ運転 / かんたんスタイリッシュリモコン / 無線LAN接続アダプター内蔵"
"S36ATSS","S36ATSS","SX SERIES","risora","2026年モデル","12畳程度","3.6","薄さと色で理想の空間を彩るスタイリッシュエアコン","1","506000","460000","1","","","","","","","","","","","","","","","","","","","","R32","","675","スイングコンプレッサー / デシクル制御・PIT制御 / プレミアム冷房 / 高外気タフネス冷房 (50℃対応) / 低外気タフネス暖房 (-15℃対応) / さらら除湿 / 快適自動運転 (人・床温度センサー) / 垂直気流 (暖房) / 風ないス運転 (天井気流) / オートスイング (上下/左右/立体) / 水内部クリーン (結露水洗浄) / ストリーマ (空気清浄/内部クリーン) / クリアコート熱交換器 / 防カビ加工ファン / 抗ウイルスフィルター / ヒートブースト制御/クールブースト制御 / 室温パトロール/消し忘れ防止機能 / おやすみ運転 / かんたんスタイリッシュリモコン / 無線LAN接続アダプター内蔵"
"S40ATSP","S40ATSP(V)","SX SERIES","risora","2026年モデル","14畳程度","4","薄さと色で理想の空間を彩るスタイリッシュエアコン","1","539000","490000","1","","","","","","","","","","","","","","","","","","","","R32","","675","スイングコンプレッサー / デシクル制御・PIT制御 / プレミアム冷房 / 高外気タフネス冷房 (50℃対応) / 低外気タフネス暖房 (-15℃対応) / さらら除湿 / 快適自動運転 (人・床温度センサー) / 垂直気流 (暖房) / 風ないス運転 (天井気流) / オートスイング (上下/左右/立体) / 水内部クリーン (結露水洗浄) / ストリーマ (空気清浄/内部クリーン) / クリアコート熱交換器 / 防カビ加工ファン / 抗ウイルスフィルター / ヒートブースト制御/クールブースト制御 / 室温パトロール/消し忘れ防止機能 / おやすみ運転 / かんたんスタイリッシュリモコン / 無線LAN接続アダプター内蔵"
"S56ATSP","S56ATSP(V)","SX SERIES","risora","2026年モデル","18畳程度","5.6","薄さと色で理想の空間を彩るスタイリッシュエアコン","1","649000","590000","1","","","","","","","","","","","","","","","","","","","","R32","","675","スイングコンプレッサー / デシクル制御・PIT制御 / プレミアム冷房 / 高外気タフネス冷房 (50℃対応) / 低外気タフネス暖房 (-15℃対応) / さらら除湿 / 快適自動運転 (人・床温度センサー) / 垂直気流 (暖房) / 風ないス運転 (天井気流) / オートスイング (上下/左右/立体) / 水内部クリーン (結露水洗浄) / ストリーマ (空気清浄/内部クリーン) / クリアコート熱交換器 / 防カビ加工ファン / 抗ウイルスフィルター / ヒートブースト制御/クールブースト制御 / 室温パトロール/消し忘れ防止機能 / おやすみ運転 / かんたんスタイリッシュリモコン / 無線LAN接続アダプター内蔵"
"S63ATSP","S63ATSP(V)","SX SERIES","risora","2026年モデル","20畳程度","6.3","薄さと色で理想の空間を彩るスタイリッシュエアコン","1","737000","670000","1","","","","","","","","","","","","","","","","","","","","R32","","675","スイングコンプレッサー / デシクル制御・PIT制御 / プレミアム冷房 / 高外気タフネス冷房 (50℃対応) / 低外気タフネス暖房 (-15℃対応) / さらら除湿 / 快適自動運転 (人・床温度センサー) / 垂直気流 (暖房) / 風ないス運転 (天井気流) / オートスイング (上下/左右/立体) / 水内部クリーン (結露水洗浄) / ストリーマ (空気清浄/内部クリーン) / クリアコート熱交換器 / 防カビ加工ファン / 抗ウイルスフィルター / ヒートブースト制御/クールブースト制御 / 室温パトロール/消し忘れ防止機能 / おやすみ運転 / かんたんスタイリッシュリモコン / 無線LAN接続アダプター内蔵"
"S71ATSP","S71ATSP(V)","SX SERIES","risora","2026年モデル","23畳程度","7.1","薄さと色で理想の空間を彩るスタイリッシュエアコン","1","814000","740000","1","","","","","","","","","","","","","","","","","","","","R32","","675","スイングコンプレッサー / デシクル制御・PIT制御 / プレミアム冷房 / 高外気タフネス冷房 (50℃対応) / 低外気タフネス暖房 (-15℃対応) / さらら除湿 / 快適自動運転 (人・床温度センサー) / 垂直気流 (暖房) / 風ないス運転 (天井気流) / オートスイング (上下/左右/立体) / 水内部クリーン (結露水洗浄) / ストリーマ (空気清浄/内部クリーン) / クリアコート熱交換器 / 防カビ加工ファン / 抗ウイルスフィルター / ヒートブースト制御/クールブースト制御 / 室温パトロール/消し忘れ防止機能 / おやすみ運転 / かんたんスタイリッシュリモコン / 無線LAN接続アダプター内蔵"
"S22ATGS","S22ATGS","GX SERIES","","2026年モデル","6畳程度","2.2","快適気流・さらら除湿・クリーンなど、高い機能性が魅力","1","385000","350000","1","","","","","","","","","","","","","","","","","","","","R32","","675","スイングコンプレッサー / デシクル制御・PIT制御 / プレミアム冷房 / 高外気タフネス冷房 (50℃対応) / 低外気タフネス暖房 (-15℃対応) / さらら除湿 (ハイブリッド方式) / 快適自動運転 / 風ないス運転 (天井気流・暖気かくはん運転) / オートスイング (上下/左右/立体) / 水内部クリーン (結露水洗浄) / ストリーマ (空気清浄/内部クリーン) / クリアコート熱交換器 / 防カビ加工ファン / 抗ウイルスフィルター / フィルター自動お掃除 / ヒートブースト制御/クールブースト制御 / 室温パトロール / おやすみ運転 / かんたんダイレクトリモコン / 無線LAN接続アダプター内蔵"
"S25ATGS","S25ATGS","GX SERIES","","2026年モデル","8畳程度","2.5","快適気流・さらら除湿・クリーンなど、高い機能性が魅力","1","418000","380000","1","","","","","","","","","","","","","","","","","","","","R32","","675","スイングコンプレッサー / デシクル制御・PIT制御 / プレミアム冷房 / 高外気タフネス冷房 (50℃対応) / 低外気タフネス暖房 (-15℃対応) / さらら除湿 (ハイブリッド方式) / 快適自動運転 / 風ないス運転 (天井気流・暖気かくはん運転) / オートスイング (上下/左右/立体) / 水内部クリーン (結露水洗浄) / ストリーマ (空気清浄/内部クリーン) / クリアコート熱交換器 / 防カビ加工ファン / 抗ウイルスフィルター / フィルター自動お掃除 / ヒートブースト制御/クールブースト制御 / 室温パトロール / おやすみ運転 / かんたんダイレクトリモコン / 無線LAN接続アダプター内蔵"
"S28ATGS","S28ATGS","GX SERIES","","2026年モデル","10畳程度","2.8","快適気流・さらら除湿・クリーンなど、高い機能性が魅力","1","451000","410000","1","","","","","","","","","","","","","","","","","","","","R32","","675","スイングコンプレッサー / デシクル制御・PIT制御 / プレミアム冷房 / 高外気タフネス冷房 (50℃対応) / 低外気タフネス暖房 (-15℃対応) / さらら除湿 (ハイブリッド方式) / 快適自動運転 / 風ないス運転 (天井気流・暖気かくはん運転) / オートスイング (上下/左右/立体) / 水内部クリーン (結露水洗浄) / ストリーマ (空気清浄/内部クリーン) / クリアコート熱交換器 / 防カビ加工ファン / 抗ウイルスフィルター / フィルター自動お掃除 / ヒートブースト制御/クールブースト制御 / 室温パトロール / おやすみ運転 / かんたんダイレクトリモコン / 無線LAN接続アダプター内蔵"
"S36ATGS","S36ATGS","GX SERIES","","2026年モデル","12畳程度","3.6","快適気流・さらら除湿・クリーンなど、高い機能性が魅力","1","495000","450000","1","","","","","","","","","","","","","","","","","","","","R32","","675","スイングコンプレッサー / デシクル制御・PIT制御 / プレミアム冷房 / 高外気タフネス冷房 (50℃対応) / 低外気タフネス暖房 (-15℃対応) / さらら除湿 (ハイブリッド方式) / 快適自動運転 / 風ないス運転 (天井気流・暖気かくはん運転) / オートスイング (上下/左右/立体) / 水内部クリーン (結露水洗浄) / ストリーマ (空気清浄/内部クリーン) / クリアコート熱交換器 / 防カビ加工ファン / 抗ウイルスフィルター / フィルター自動お掃除 / ヒートブースト制御/クールブースト制御 / 室温パトロール / おやすみ運転 / かんたんダイレクトリモコン / 無線LAN接続アダプター内蔵"
"S40ATGP","S40ATGP(V)","GX SERIES","","2026年モデル","14畳程度","4","快適気流・さらら除湿・クリーンなど、高い機能性が魅力","1","528000","480000","1","","","","","","","","","","","","","","","","","","","","R32","","675","スイングコンプレッサー / デシクル制御・PIT制御 / プレミアム冷房 / 高外気タフネス冷房 (50℃対応) / 低外気タフネス暖房 (-15℃対応) / さらら除湿 (ハイブリッド方式) / 快適自動運転 / 風ないス運転 (天井気流・暖気かくはん運転) / オートスイング (上下/左右/立体) / 水内部クリーン (結露水洗浄) / ストリーマ (空気清浄/内部クリーン) / クリアコート熱交換器 / 防カビ加工ファン / 抗ウイルスフィルター / フィルター自動お掃除 / ヒートブースト制御/クールブースト制御 / 室温パトロール / おやすみ運転 / かんたんダイレクトリモコン / 無線LAN接続アダプター内蔵"
"S56ATGP","S56ATGP(V)","GX SERIES","","2026年モデル","18畳程度","5.6","快適気流・さらら除湿・クリーンなど、高い機能性が魅力","1","627000","570000","1","","","","","","","","","","","","","","","","","","","","R32","","675","スイングコンプレッサー / デシクル制御・PIT制御 / プレミアム冷房 / 高外気タフネス冷房 (50℃対応) / 低外気タフネス暖房 (-15℃対応) / さらら除湿 (ハイブリッド方式) / 快適自動運転 / 風ないス運転 (天井気流・暖気かくはん運転) / オートスイング (上下/左右/立体) / 水内部クリーン (結露水洗浄) / ストリーマ (空気清浄/内部クリーン) / クリアコート熱交換器 / 防カビ加工ファン / 抗ウイルスフィルター / フィルター自動お掃除 / ヒートブースト制御/クールブースト制御 / 室温パトロール / おやすみ運転 / かんたんダイレクトリモコン / 無線LAN接続アダプター内蔵"
"S63ATGP","S63ATGP(V)","GX SERIES","","2026年モデル","20畳程度","6.3","快適気流・さらら除湿・クリーンなど、高い機能性が魅力","1","715000","650000","1","","","","","","","","","","","","","","","","","","","","R32","","675","スイングコンプレッサー / デシクル制御・PIT制御 / プレミアム冷房 / 高外気タフネス冷房 (50℃対応) / 低外気タフネス暖房 (-15℃対応) / さらら除湿 (ハイブリッド方式) / 快適自動運転 / 風ないス運転 (天井気流・暖気かくはん運転) / オートスイング (上下/左右/立体) / 水内部クリーン (結露水洗浄) / ストリーマ (空気清浄/内部クリーン) / クリアコート熱交換器 / 防カビ加工ファン / 抗ウイルスフィルター / フィルター自動お掃除 / ヒートブースト制御/クールブースト制御 / 室温パトロール / おやすみ運転 / かんたんダイレクトリモコン / 無線LAN接続アダプター内蔵"
"S71ATGP","S71ATGP(V)","GX SERIES","","2026年モデル","23畳程度","7.1","快適気流・さらら除湿・クリーンなど、高い機能性が魅力","1","792000","720000","1","","","","","","","","","","","","","","","","","","","","R32","","675","スイングコンプレッサー / デシクル制御・PIT制御 / プレミアム冷房 / 高外気タフネス冷房 (50℃対応) / 低外気タフネス暖房 (-15℃対応) / さらら除湿 (ハイブリッド方式) / 快適自動運転 / 風ないス運転 (天井気流・暖気かくはん運転) / オートスイング (上下/左右/立体) / 水内部クリーン (結露水洗浄) / ストリーマ (空気清浄/内部クリーン) / クリアコート熱交換器 / 防カビ加工ファン / 抗ウイルスフィルター / フィルター自動お掃除 / ヒートブースト制御/クールブースト制御 / 室温パトロール / おやすみ運転 / かんたんダイレクトリモコン / 無線LAN接続アダプター内蔵"
"S22ATCS","S22ATCS","CX SERIES","","2026年モデル","6畳程度","2.2","コンパクトサイズ室内機を採用 (2.2kW～5.6kW) 室内洗浄などクリーン機能が充実","1","396000","360000","1","","","","","","","","","","","","","","","","","","","","R32","","675","スイングコンプレッサー / PIT制御 / 高外気タフネス冷房 (50℃対応) / 低外気タフネス暖房 (-15℃対応) / 9段階セレクトドライ / 自動運転 / 風ないス運転 (天井気流) / オートスイング (上下/左右/立体) / 水内部クリーン (結露水洗浄) / ストリーマ (空気清浄/内部クリーン) / クリアコート熱交換器 / 抗ウイルスフィルター / フィルター自動お掃除 / ヒートブースト制御 / 室温パトロール / おやすみ運転 / かんたんダイレクトリモコン / 無線LAN接続アダプター内蔵"
"S25ATCS","S25ATCS","CX SERIES","","2026年モデル","8畳程度","2.5","コンパクトサイズ室内機を採用 (2.2kW～5.6kW) 室内洗浄などクリーン機能が充実","1","429000","390000","1","","","","","","","","","","","","","","","","","","","","R32","","675","スイングコンプレッサー / PIT制御 / 高外気タフネス冷房 (50℃対応) / 低外気タフネス暖房 (-15℃対応) / 9段階セレクトドライ / 自動運転 / 風ないス運転 (天井気流) / オートスイング (上下/左右/立体) / 水内部クリーン (結露水洗浄) / ストリーマ (空気清浄/内部クリーン) / クリアコート熱交換器 / 抗ウイルスフィルター / フィルター自動お掃除 / ヒートブースト制御 / 室温パトロール / おやすみ運転 / かんたんダイレクトリモコン / 無線LAN接続アダプター内蔵"
"S28ATCS","S28ATCS","CX SERIES","","2026年モデル","10畳程度","2.8","コンパクトサイズ室内機を採用 (2.2kW～5.6kW) 室内洗浄などクリーン機能が充実","1","462000","420000","1","","","","","","","","","","","","","","","","","","","","R32","","675","スイングコンプレッサー / PIT制御 / 高外気タフネス冷房 (50℃対応) / 低外気タフネス暖房 (-15℃対応) / 9段階セレクトドライ / 自動運転 / 風ないス運転 (天井気流) / オートスイング (上下/左右/立体) / 水内部クリーン (結露水洗浄) / ストリーマ (空気清浄/内部クリーン) / クリアコート熱交換器 / 抗ウイルスフィルター / フィルター自動お掃除 / ヒートブースト制御 / 室温パトロール / おやすみ運転 / かんたんダイレクトリモコン / 無線LAN接続アダプター内蔵"
"S36ATCS","S36ATCS","CX SERIES","","2026年モデル","12畳程度","3.6","コンパクトサイズ室内機を採用 (2.2kW～5.6kW) 室内洗浄などクリーン機能が充実","1","506000","460000","1","","","","","","","","","","","","","","","","","","","","R32","","675","スイングコンプレッサー / PIT制御 / 高外気タフネス冷房 (50℃対応) / 低外気タフネス暖房 (-15℃対応) / 9段階セレクトドライ / 自動運転 / 風ないス運転 (天井気流) / オートスイング (上下/左右/立体) / 水内部クリーン (結露水洗浄) / ストリーマ (空気清浄/内部クリーン) / クリアコート熱交換器 / 抗ウイルスフィルター / フィルター自動お掃除 / ヒートブースト制御 / 室温パトロール / おやすみ運転 / かんたんダイレクトリモコン / 無線LAN接続アダプター内蔵"
"S40ATCP","S40ATCP(V)","CX SERIES","","2026年モデル","14畳程度","4","コンパクトサイズ室内機を採用 (2.2kW～5.6kW) 室内洗浄などクリーン機能が充実","1","539000","490000","1","","","","","","","","","","","","","","","","","","","","R32","","675","スイングコンプレッサー / PIT制御 / 高外気タフネス冷房 (50℃対応) / 低外気タフネス暖房 (-15℃対応) / 9段階セレクトドライ / 自動運転 / 風ないス運転 (天井気流) / オートスイング (上下/左右/立体) / 水内部クリーン (結露水洗浄) / ストリーマ (空気清浄/内部クリーン) / クリアコート熱交換器 / 抗ウイルスフィルター / フィルター自動お掃除 / ヒートブースト制御 / 室温パトロール / おやすみ運転 / かんたんダイレクトリモコン / 無線LAN接続アダプター内蔵"
"S56ATCP","S56ATCP(V)","CX SERIES","","2026年モデル","18畳程度","5.6","コンパクトサイズ室内機を採用 (2.2kW～5.6kW) 室内洗浄などクリーン機能が充実","1","649000","590000","1","","","","","","","","","","","","","","","","","","","","R32","","675","スイングコンプレッサー / PIT制御 / 高外気タフネス冷房 (50℃対応) / 低外気タフネス暖房 (-15℃対応) / 9段階セレクトドライ / 自動運転 / 風ないス運転 (天井気流) / オートスイング (上下/左右/立体) / 水内部クリーン (結露水洗浄) / ストリーマ (空気清浄/内部クリーン) / クリアコート熱交換器 / 抗ウイルスフィルター / フィルター自動お掃除 / ヒートブースト制御 / 室温パトロール / おやすみ運転 / かんたんダイレクトリモコン / 無線LAN接続アダプター内蔵"
"S63ATCP","S63ATCP(V)","CX SERIES","","2026年モデル","20畳程度","6.3","コンパクトサイズ室内機を採用 (2.2kW～5.6kW) 室内洗浄などクリーン機能が充実","1","737000","670000","1","","","","","","","","","","","","","","","","","","","","R32","","675","スイングコンプレッサー / PIT制御 / 高外気タフネス冷房 (50℃対応) / 低外気タフネス暖房 (-15℃対応) / 9段階セレクトドライ / 自動運転 / 風ないス運転 (天井気流) / オートスイング (上下/左右/立体) / 水内部クリーン (結露水洗浄) / ストリーマ (空気清浄/内部クリーン) / クリアコート熱交換器 / 抗ウイルスフィルター / フィルター自動お掃除 / ヒートブースト制御 / 室温パトロール / おやすみ運転 / かんたんダイレクトリモコン / 無線LAN接続アダプター内蔵"
"S71ATCP","S71ATCP(V)","CX SERIES","","2026年モデル","23畳程度","7.1","コンパクトサイズ室内機を採用 (2.2kW～5.6kW) 室内洗浄などクリーン機能が充実","1","814000","740000","1","","","","","","","","","","","","","","","","","","","","R32","","675","スイングコンプレッサー / PIT制御 / 高外気タフネス冷房 (50℃対応) / 低外気タフネス暖房 (-15℃対応) / 9段階セレクトドライ / 自動運転 / 風ないス運転 (天井気流) / オートスイング (上下/左右/立体) / 水内部クリーン (結露水洗浄) / ストリーマ (空気清浄/内部クリーン) / クリアコート熱交換器 / 抗ウイルスフィルター / フィルター自動お掃除 / ヒートブースト制御 / 室温パトロール / おやすみ運転 / かんたんダイレクトリモコン / 無線LAN接続アダプター内蔵"
"S22ATES","S22ATES","E SERIES","","2026年モデル","6畳程度","2.2","コンパクトサイズ室内機採用のスタンダードモデル","1","オープン価格","オープン価格","1","","","","","","","","","","","","","","","","","","","","R32","","675","スイングコンプレッサー / PIT制御 / 高外気タフネス冷房 (50℃対応) / 低外気タフネス暖房 (-15℃対応) / 9段階セレクトドライ / 自動運転 / 風ないス運転 / オートスイング (上下) / 水内部クリーン (結露水洗浄) / ストリーマ (空気清浄/内部クリーン) / クリアコート熱交換器 / 抗ウイルスフィルター / ヒートブースト制御 / 室温パトロール / おやすみ運転 / かんたんダイレクトリモコン / 無線LAN接続アダプター別売"
"S25ATES","S25ATES","E SERIES","","2026年モデル","8畳程度","2.5","コンパクトサイズ室内機採用のスタンダードモデル","1","オープン価格","オープン価格","1","","","","","","","","","","","","","","","","","","","","R32","","675","スイングコンプレッサー / PIT制御 / 高外気タフネス冷房 (50℃対応) / 低外気タフネス暖房 (-15℃対応) / 9段階セレクトドライ / 自動運転 / 風ないス運転 / オートスイング (上下) / 水内部クリーン (結露水洗浄) / ストリーマ (空気清浄/内部クリーン) / クリアコート熱交換器 / 抗ウイルスフィルター / ヒートブースト制御 / 室温パトロール / おやすみ運転 / かんたんダイレクトリモコン / 無線LAN接続アダプター別売"
"S28ATES","S28ATES(V)","E SERIES","","2026年モデル","10畳程度","2.8","コンパクトサイズ室内機採用のスタンダードモデル","1","オープン価格","オープン価格","1","","","","","","","","","","","","","","","","","","","","R32","","675","スイングコンプレッサー / PIT制御 / 高外気タフネス冷房 (50℃対応) / 低外気タフネス暖房 (-15℃対応) / 9段階セレクトドライ / 自動運転 / 風ないス運転 / オートスイング (上下) / 水内部クリーン (結露水洗浄) / ストリーマ (空気清浄/内部クリーン) / クリアコート熱交換器 / 抗ウイルスフィルター / ヒートブースト制御 / 室温パトロール / おやすみ運転 / かんたんダイレクトリモコン / 無線LAN接続アダプター別売"
"S36ATES","S36ATES(V)","E SERIES","","2026年モデル","12畳程度","3.6","コンパクトサイズ室内機採用のスタンダードモデル","1","オープン価格","オープン価格","1","","","","","","","","","","","","","","","","","","","","R32","","675","スイングコンプレッサー / PIT制御 / 高外気タフネス冷房 (50℃対応) / 低外気タフネス暖房 (-15℃対応) / 9段階セレクトドライ / 自動運転 / 風ないス運転 / オートスイング (上下) / 水内部クリーン (結露水洗浄) / ストリーマ (空気清浄/内部クリーン) / クリアコート熱交換器 / 抗ウイルスフィルター / ヒートブースト制御 / 室温パトロール / おやすみ運転 / かんたんダイレクトリモコン / 無線LAN接続アダプター別売"
"S40ATEP","S40ATEP(V)","E SERIES","","2026年モデル","14畳程度","4","コンパクトサイズ室内機採用のスタンダードモデル","1","オープン価格","オープン価格","1","","","","","","","","","","","","","","","","","","","","R32","","675","スイングコンプレッサー / PIT制御 / 高外気タフネス冷房 (50℃対応) / 低外気タフネス暖房 (-15℃対応) / 9段階セレクトドライ / 自動運転 / 風ないス運転 / オートスイング (上下) / 水内部クリーン (結露水洗浄) / ストリーマ (空気清浄/内部クリーン) / クリアコート熱交換器 / 抗ウイルスフィルター / ヒートブースト制御 / 室温パトロール / おやすみ運転 / かんたんダイレクトリモコン / 無線LAN接続アダプター別売"
"S56ATEP","S56ATEP(V)","E SERIES","","2026年モデル","18畳程度","5.6","コンパクトサイズ室内機採用のスタンダードモデル","1","オープン価格","オープン価格","1","","","","","","","","","","","","","","","","","","","","R32","","675","スイングコンプレッサー / PIT制御 / 高外気タフネス冷房 (50℃対応) / 低外気タフネス暖房 (-15℃対応) / 9段階セレクトドライ / 自動運転 / 風ないス運転 / オートスイング (上下) / 水内部クリーン (結露水洗浄) / ストリーマ (空気清浄/内部クリーン) / クリアコート熱交換器 / 抗ウイルスフィルター / ヒートブースト制御 / 室温パトロール / おやすみ運転 / かんたんダイレクトリモコン / 無線LAN接続アダプター別売"
"S40ATRP","S40ATRP-W(-C); S40ATRP","RX SERIES","うるさらX","2026年モデル","","","無給水加湿と気流で快適 節電自動運転搭載のフラッグシップモデル","1","660000","600000","1","F40ATRP-W(-C)","16.5","798","295","370","R40ARP","56","850","862","320","単相200V 20A","6.4","9.5","5","890","4","770","1036","7.3","R32","1.37","675",""
"S40ATRV","S40ATRV-W(-C); S40ATRV","RX SERIES","うるさらX","2026年モデル","","","無給水加湿と気流で快適 節電自動運転搭載のフラッグシップモデル","1","660000","600000","1","F40ATRV-W(-C)","16.5","798","295","370","R40ARV","56","850","862","320","単相200V 20A","6.4","9.5","5","890","4","770","1036","7.3","R32","1.37","675",""
"S56ATRV","S56ATRV-W(-C)","RX SERIES","うるさらX","2026年モデル","","","無給水加湿と気流で快適 節電自動運転搭載のフラッグシップモデル","1","715000","650000","1","F56ATRV-W(-C)","16.5","798","295","370","R56ARV","56","850","862","320","単相200V 20A","6.4","9.5","6.7","1380","5.6","1390","1605","6.6","R32","","675",""
"S63ATRV","S63ATRV-W(-C)","RX SERIES","うるさらX","2026年モデル","","","無給水加湿と気流で快適 節電自動運転搭載のフラッグシップモデル","1","803000","730000","1","F63ATRV-W(-C)","16.5","798","295","370","R63ARV","52","850","799","320","単相200V 20A","6.4","12.7","7.1","1550","6.3","1750","1922","6.2","R32","","675",""
"S71ATRV","S71ATRV-W(-C)","RX SERIES","うるさらX","2026年モデル","","","無給水加湿と気流で快適 節電自動運転搭載のフラッグシップモデル","1","880000","800000","1","F71ATRV-W(-C)","16.5","798","295","370","R71ARV","55","850","862","320","単相200V 20A","6.4","12.7","8.5","2020","7.1","2210","2276","5.9","R32","","675",""