メーカー名,製品カテゴリー,ブランド名,シリーズ名,個別の型番,全表記型番,分類キャッチコピー,Copilot+ PC,日本製,ユニークセリングポイント (USP),USPコサイン類似度スコア,OS,付属Office,ディスプレイ,CPUプロセッサー,NPU性能(TOPS),GPU,メモリ,ストレージ(SSD),通信,インターフェース,動画再生時間(時間),アイドル時間(時間),幅(mm),奥行(mm),高さ(mm),本体質量(g),おもなおすすめ機能
VAIO,ノートパソコン,VAIO,VAIO SX14-R,VAIO SX14,VAIO SX14; VAIO SX14-R; VJS14R19011B; VJS14R19021B; VJS14R19031B; VJS14R19041T; VJS14R19051G; VJS14R19061S; VJS14R295101B; VJS14R295102G; VJS14R295103R; VJS14R295104G,ハイエンド大画面モバイル,はい,いいえ,ハイエンド大画面モバイル (14.0型ワイド) | ハイエンド軽量大画面モバイル (14.0型ワイド) Copilot+PC対応 | 毎日持ち選べる軽さと充実のパフォーマンス、すべてにおいて妥協したくない人へ。,"0.738, 0.0, 0.0","['Windows 11 Home 64ビット', 'Windows 11 Pro 64ビット']",Microsoft 365 Personal (24か月版) / Office Home & Business 2024,14.0型ワイド WUXGA 1920×1200ピクセル アンチグレア,,,,16GB / 32GB (増設不可),第四世代 / 第五世代 ハイスピードSSD (NVMe 暗号化機能付き) 512GB,"{'wifi': 'IEEE 802.11a/b/g/n/ac/ax/be準拠, Wi-Fi 7適合, WPA3対応', 'bluetooth': 'Bluetooth® 5.4準拠'}","USB Type-C×2 (Thunderbolt 4, USB Power Delivery, USB4, USB 3.2, DisplayPort 2.1) / USB 3.0×1 / HDMI (出力)×1",約10.5時間〜15.0時間,約26.0時間〜35.0時間,312,226.4,13.9,,VAIO User Sensing / AI ノイズキャンセリング / Copilot+PC / 指紋認証 / 顔認証 / Wi-Fi 7 / ビデオチャット / 品質試験 / JAPAN 日本製 / VAIO User Sensing / AI ノイズキャンセリング / Copilot+PC / 指紋認証 / 顔認証 / Wi-Fi 7 / ビデオチャット / 品質試験 / JAPAN 日本製
VAIO,ノートパソコン,VAIO,VAIO SX14-R,VAIO SX14-R,VAIO SX14; VAIO SX14-R; VJS14R19011B; VJS14R19021B; VJS14R19031B; VJS14R19041T; VJS14R19051G; VJS14R19061S; VJS14R295101B; VJS14R295102G; VJS14R295103R; VJS14R295104G,ハイエンド大画面モバイル,はい,いいえ,ハイエンド大画面モバイル (14.0型ワイド) | ハイエンド軽量大画面モバイル (14.0型ワイド) Copilot+PC対応 | 毎日持ち選べる軽さと充実のパフォーマンス、すべてにおいて妥協したくない人へ。,"0.738, 0.0, 0.0","['Windows 11 Home 64ビット', 'Windows 11 Pro 64ビット']",Microsoft 365 Personal (24か月版) / Office Home & Business 2024,14.0型ワイド WUXGA 1920×1200ピクセル アンチグレア,,,,16GB / 32GB (増設不可),第四世代 / 第五世代 ハイスピードSSD (NVMe 暗号化機能付き) 512GB,"{'wifi': 'IEEE 802.11a/b/g/n/ac/ax/be準拠, Wi-Fi 7適合, WPA3対応', 'bluetooth': 'Bluetooth® 5.4準拠'}","USB Type-C×2 (Thunderbolt 4, USB Power Delivery, USB4, USB 3.2, DisplayPort 2.1) / USB 3.0×1 / HDMI (出力)×1",約10.5時間〜15.0時間,約26.0時間〜35.0時間,312,226.4,13.9,,VAIO User Sensing / AI ノイズキャンセリング / Copilot+PC / 指紋認証 / 顔認証 / Wi-Fi 7 / ビデオチャット / 品質試験 / JAPAN 日本製 / VAIO User Sensing / AI ノイズキャンセリング / Copilot+PC / 指紋認証 / 顔認証 / Wi-Fi 7 / ビデオチャット / 品質試験 / JAPAN 日本製
VAIO,ノートパソコン,VAIO,VAIO SX14-R,VJS14R19011B,VAIO SX14; VAIO SX14-R; VJS14R19011B; VJS14R19021B; VJS14R19031B; VJS14R19041T; VJS14R19051G; VJS14R19061S; VJS14R295101B; VJS14R295102G; VJS14R295103R; VJS14R295104G,ハイエンド大画面モバイル,はい,いいえ,ハイエンド大画面モバイル (14.0型ワイド) | ハイエンド軽量大画面モバイル (14.0型ワイド) Copilot+PC対応 | 毎日持ち選べる軽さと充実のパフォーマンス、すべてにおいて妥協したくない人へ。,"0.738, 0.0, 0.0","['Windows 11 Home 64ビット', 'Windows 11 Pro 64ビット']",Microsoft 365 Personal (24か月版) / Office Home & Business 2024,14.0型ワイド WUXGA 1920×1200ピクセル アンチグレア,,,,16GB / 32GB (増設不可),第四世代 / 第五世代 ハイスピードSSD (NVMe 暗号化機能付き) 512GB,"{'wifi': 'IEEE 802.11a/b/g/n/ac/ax/be準拠, Wi-Fi 7適合, WPA3対応', 'bluetooth': 'Bluetooth® 5.4準拠'}","USB Type-C×2 (Thunderbolt 4, USB Power Delivery, USB4, USB 3.2, DisplayPort 2.1) / USB 3.0×1 / HDMI (出力)×1",約10.5時間〜15.0時間,約26.0時間〜35.0時間,312,226.4,13.9,,VAIO User Sensing / AI ノイズキャンセリング / Copilot+PC / 指紋認証 / 顔認証 / Wi-Fi 7 / ビデオチャット / 品質試験 / JAPAN 日本製 / VAIO User Sensing / AI ノイズキャンセリング / Copilot+PC / 指紋認証 / 顔認証 / Wi-Fi 7 / ビデオチャット / 品質試験 / JAPAN 日本製
VAIO,ノートパソコン,VAIO,VAIO SX14-R,VJS14R19021B,VAIO SX14; VAIO SX14-R; VJS14R19011B; VJS14R19021B; VJS14R19031B; VJS14R19041T; VJS14R19051G; VJS14R19061S; VJS14R295101B; VJS14R295102G; VJS14R295103R; VJS14R295104G,ハイエンド大画面モバイル,はい,いいえ,ハイエンド大画面モバイル (14.0型ワイド) | ハイエンド軽量大画面モバイル (14.0型ワイド) Copilot+PC対応 | 毎日持ち選べる軽さと充実のパフォーマンス、すべてにおいて妥協したくない人へ。,"0.738, 0.0, 0.0","['Windows 11 Home 64ビット', 'Windows 11 Pro 64ビット']",Microsoft 365 Personal (24か月版) / Office Home & Business 2024,14.0型ワイド WUXGA 1920×1200ピクセル アンチグレア,,,,16GB / 32GB (増設不可),第四世代 / 第五世代 ハイスピードSSD (NVMe 暗号化機能付き) 512GB,"{'wifi': 'IEEE 802.11a/b/g/n/ac/ax/be準拠, Wi-Fi 7適合, WPA3対応', 'bluetooth': 'Bluetooth® 5.4準拠'}","USB Type-C×2 (Thunderbolt 4, USB Power Delivery, USB4, USB 3.2, DisplayPort 2.1) / USB 3.0×1 / HDMI (出力)×1",約10.5時間〜15.0時間,約26.0時間〜35.0時間,312,226.4,13.9,,VAIO User Sensing / AI ノイズキャンセリング / Copilot+PC / 指紋認証 / 顔認証 / Wi-Fi 7 / ビデオチャット / 品質試験 / JAPAN 日本製 / VAIO User Sensing / AI ノイズキャンセリング / Copilot+PC / 指紋認証 / 顔認証 / Wi-Fi 7 / ビデオチャット / 品質試験 / JAPAN 日本製
VAIO,ノートパソコン,VAIO,VAIO SX14-R,VJS14R19031B,VAIO SX14; VAIO SX14-R; VJS14R19011B; VJS14R19021B; VJS14R19031B; VJS14R19041T; VJS14R19051G; VJS14R19061S; VJS14R295101B; VJS14R295102G; VJS14R295103R; VJS14R295104G,ハイエンド大画面モバイル,はい,いいえ,ハイエンド大画面モバイル (14.0型ワイド) | ハイエンド軽量大画面モバイル (14.0型ワイド) Copilot+PC対応 | 毎日持ち選べる軽さと充実のパフォーマンス、すべてにおいて妥協したくない人へ。,"0.738, 0.0, 0.0","['Windows 11 Home 64ビット', 'Windows 11 Pro 64ビット']",Microsoft 365 Personal (24か月版) / Office Home & Business 2024,14.0型ワイド WUXGA 1920×1200ピクセル アンチグレア,,,,16GB / 32GB (増設不可),第四世代 / 第五世代 ハイスピードSSD (NVMe 暗号化機能付き) 512GB,"{'wifi': 'IEEE 802.11a/b/g/n/ac/ax/be準拠, Wi-Fi 7適合, WPA3対応', 'bluetooth': 'Bluetooth® 5.4準拠'}","USB Type-C×2 (Thunderbolt 4, USB Power Delivery, USB4, USB 3.2, DisplayPort 2.1) / USB 3.0×1 / HDMI (出力)×1",約10.5時間〜15.0時間,約26.0時間〜35.0時間,312,226.4,13.9,,VAIO User Sensing / AI ノイズキャンセリング / Copilot+PC / 指紋認証 / 顔認証 / Wi-Fi 7 / ビデオチャット / 品質試験 / JAPAN 日本製 / VAIO User Sensing / AI ノイズキャンセリング / Copilot+PC / 指紋認証 / 顔認証 / Wi-Fi 7 / ビデオチャット / 品質試験 / JAPAN 日本製
VAIO,ノートパソコン,VAIO,VAIO SX14-R,VJS14R19041T,VAIO SX14; VAIO SX14-R; VJS14R19011B; VJS14R19021B; VJS14R19031B; VJS14R19041T; VJS14R19051G; VJS14R19061S; VJS14R295101B; VJS14R295102G; VJS14R295103R; VJS14R295104G,ハイエンド大画面モバイル,はい,いいえ,ハイエンド大画面モバイル (14.0型ワイド) | ハイエンド軽量大画面モバイル (14.0型ワイド) Copilot+PC対応 | 毎日持ち選べる軽さと充実のパフォーマンス、すべてにおいて妥協したくない人へ。,"0.738, 0.0, 0.0","['Windows 11 Home 64ビット', 'Windows 11 Pro 64ビット']",Microsoft 365 Personal (24か月版) / Office Home & Business 2024,14.0型ワイド WUXGA 1920×1200ピクセル アンチグレア,,,,16GB / 32GB (増設不可),第四世代 / 第五世代 ハイスピードSSD (NVMe 暗号化機能付き) 512GB,"{'wifi': 'IEEE 802.11a/b/g/n/ac/ax/be準拠, Wi-Fi 7適合, WPA3対応', 'bluetooth': 'Bluetooth® 5.4準拠'}","USB Type-C×2 (Thunderbolt 4, USB Power Delivery, USB4, USB 3.2, DisplayPort 2.1) / USB 3.0×1 / HDMI (出力)×1",約10.5時間〜15.0時間,約26.0時間〜35.0時間,312,226.4,13.9,,VAIO User Sensing / AI ノイズキャンセリング / Copilot+PC / 指紋認証 / 顔認証 / Wi-Fi 7 / ビデオチャット / 品質試験 / JAPAN 日本製 / VAIO User Sensing / AI ノイズキャンセリング / Copilot+PC / 指紋認証 / 顔認証 / Wi-Fi 7 / ビデオチャット / 品質試験 / JAPAN 日本製
VAIO,ノートパソコン,VAIO,VAIO SX14-R,VJS14R19051G,VAIO SX14; VAIO SX14-R; VJS14R19011B; VJS14R19021B; VJS14R19031B; VJS14R19041T; VJS14R19051G; VJS14R19061S; VJS14R295101B; VJS14R295102G; VJS14R295103R; VJS14R295104G,ハイエンド大画面モバイル,はい,いいえ,ハイエンド大画面モバイル (14.0型ワイド) | ハイエンド軽量大画面モバイル (14.0型ワイド) Copilot+PC対応 | 毎日持ち選べる軽さと充実のパフォーマンス、すべてにおいて妥協したくない人へ。,"0.738, 0.0, 0.0","['Windows 11 Home 64ビット', 'Windows 11 Pro 64ビット']",Microsoft 365 Personal (24か月版) / Office Home & Business 2024,14.0型ワイド WUXGA 1920×1200ピクセル アンチグレア,,,,16GB / 32GB (増設不可),第四世代 / 第五世代 ハイスピードSSD (NVMe 暗号化機能付き) 512GB,"{'wifi': 'IEEE 802.11a/b/g/n/ac/ax/be準拠, Wi-Fi 7適合, WPA3対応', 'bluetooth': 'Bluetooth® 5.4準拠'}","USB Type-C×2 (Thunderbolt 4, USB Power Delivery, USB4, USB 3.2, DisplayPort 2.1) / USB 3.0×1 / HDMI (出力)×1",約10.5時間〜15.0時間,約26.0時間〜35.0時間,312,226.4,13.9,,VAIO User Sensing / AI ノイズキャンセリング / Copilot+PC / 指紋認証 / 顔認証 / Wi-Fi 7 / ビデオチャット / 品質試験 / JAPAN 日本製 / VAIO User Sensing / AI ノイズキャンセリング / Copilot+PC / 指紋認証 / 顔認証 / Wi-Fi 7 / ビデオチャット / 品質試験 / JAPAN 日本製
VAIO,ノートパソコン,VAIO,VAIO SX14-R,VJS14R19061S,VAIO SX14; VAIO SX14-R; VJS14R19011B; VJS14R19021B; VJS14R19031B; VJS14R19041T; VJS14R19051G; VJS14R19061S; VJS14R295101B; VJS14R295102G; VJS14R295103R; VJS14R295104G,ハイエンド大画面モバイル,はい,いいえ,ハイエンド大画面モバイル (14.0型ワイド) | ハイエンド軽量大画面モバイル (14.0型ワイド) Copilot+PC対応 | 毎日持ち選べる軽さと充実のパフォーマンス、すべてにおいて妥協したくない人へ。,"0.738, 0.0, 0.0","['Windows 11 Home 64ビット', 'Windows 11 Pro 64ビット']",Microsoft 365 Personal (24か月版) / Office Home & Business 2024,14.0型ワイド WUXGA 1920×1200ピクセル アンチグレア,,,,16GB / 32GB (増設不可),第四世代 / 第五世代 ハイスピードSSD (NVMe 暗号化機能付き) 512GB,"{'wifi': 'IEEE 802.11a/b/g/n/ac/ax/be準拠, Wi-Fi 7適合, WPA3対応', 'bluetooth': 'Bluetooth® 5.4準拠'}","USB Type-C×2 (Thunderbolt 4, USB Power Delivery, USB4, USB 3.2, DisplayPort 2.1) / USB 3.0×1 / HDMI (出力)×1",約10.5時間〜15.0時間,約26.0時間〜35.0時間,312,226.4,13.9,,VAIO User Sensing / AI ノイズキャンセリング / Copilot+PC / 指紋認証 / 顔認証 / Wi-Fi 7 / ビデオチャット / 品質試験 / JAPAN 日本製 / VAIO User Sensing / AI ノイズキャンセリング / Copilot+PC / 指紋認証 / 顔認証 / Wi-Fi 7 / ビデオチャット / 品質試験 / JAPAN 日本製
VAIO,ノートパソコン,VAIO,VAIO SX14-R,VJS14R295101B,VAIO SX14; VAIO SX14-R; VJS14R19011B; VJS14R19021B; VJS14R19031B; VJS14R19041T; VJS14R19051G; VJS14R19061S; VJS14R295101B; VJS14R295102G; VJS14R295103R; VJS14R295104G,ハイエンド大画面モバイル,はい,いいえ,ハイエンド大画面モバイル (14.0型ワイド) | ハイエンド軽量大画面モバイル (14.0型ワイド) Copilot+PC対応 | 毎日持ち選べる軽さと充実のパフォーマンス、すべてにおいて妥協したくない人へ。,"0.738, 0.0, 0.0","['Windows 11 Home 64ビット', 'Windows 11 Pro 64ビット']",Microsoft 365 Personal (24か月版) / Office Home & Business 2024,14.0型ワイド WUXGA 1920×1200ピクセル アンチグレア,,,,16GB / 32GB (増設不可),第四世代 / 第五世代 ハイスピードSSD (NVMe 暗号化機能付き) 512GB,"{'wifi': 'IEEE 802.11a/b/g/n/ac/ax/be準拠, Wi-Fi 7適合, WPA3対応', 'bluetooth': 'Bluetooth® 5.4準拠'}","USB Type-C×2 (Thunderbolt 4, USB Power Delivery, USB4, USB 3.2, DisplayPort 2.1) / USB 3.0×1 / HDMI (出力)×1",約10.5時間〜15.0時間,約26.0時間〜35.0時間,312,226.4,13.9,,VAIO User Sensing / AI ノイズキャンセリング / Copilot+PC / 指紋認証 / 顔認証 / Wi-Fi 7 / ビデオチャット / 品質試験 / JAPAN 日本製 / VAIO User Sensing / AI ノイズキャンセリング / Copilot+PC / 指紋認証 / 顔認証 / Wi-Fi 7 / ビデオチャット / 品質試験 / JAPAN 日本製
VAIO,ノートパソコン,VAIO,VAIO SX14-R,VJS14R295102G,VAIO SX14; VAIO SX14-R; VJS14R19011B; VJS14R19021B; VJS14R19031B; VJS14R19041T; VJS14R19051G; VJS14R19061S; VJS14R295101B; VJS14R295102G; VJS14R295103R; VJS14R295104G,ハイエンド大画面モバイル,はい,いいえ,ハイエンド大画面モバイル (14.0型ワイド) | ハイエンド軽量大画面モバイル (14.0型ワイド) Copilot+PC対応 | 毎日持ち選べる軽さと充実のパフォーマンス、すべてにおいて妥協したくない人へ。,"0.738, 0.0, 0.0","['Windows 11 Home 64ビット', 'Windows 11 Pro 64ビット']",Microsoft 365 Personal (24か月版) / Office Home & Business 2024,14.0型ワイド WUXGA 1920×1200ピクセル アンチグレア,,,,16GB / 32GB (増設不可),第四世代 / 第五世代 ハイスピードSSD (NVMe 暗号化機能付き) 512GB,"{'wifi': 'IEEE 802.11a/b/g/n/ac/ax/be準拠, Wi-Fi 7適合, WPA3対応', 'bluetooth': 'Bluetooth® 5.4準拠'}","USB Type-C×2 (Thunderbolt 4, USB Power Delivery, USB4, USB 3.2, DisplayPort 2.1) / USB 3.0×1 / HDMI (出力)×1",約10.5時間〜15.0時間,約26.0時間〜35.0時間,312,226.4,13.9,,VAIO User Sensing / AI ノイズキャンセリング / Copilot+PC / 指紋認証 / 顔認証 / Wi-Fi 7 / ビデオチャット / 品質試験 / JAPAN 日本製 / VAIO User Sensing / AI ノイズキャンセリング / Copilot+PC / 指紋認証 / 顔認証 / Wi-Fi 7 / ビデオチャット / 品質試験 / JAPAN 日本製
VAIO,ノートパソコン,VAIO,VAIO SX14-R,VJS14R295103R,VAIO SX14; VAIO SX14-R; VJS14R19011B; VJS14R19021B; VJS14R19031B; VJS14R19041T; VJS14R19051G; VJS14R19061S; VJS14R295101B; VJS14R295102G; VJS14R295103R; VJS14R295104G,ハイエンド大画面モバイル,はい,いいえ,ハイエンド大画面モバイル (14.0型ワイド) | ハイエンド軽量大画面モバイル (14.0型ワイド) Copilot+PC対応 | 毎日持ち選べる軽さと充実のパフォーマンス、すべてにおいて妥協したくない人へ。,"0.738, 0.0, 0.0","['Windows 11 Home 64ビット', 'Windows 11 Pro 64ビット']",Microsoft 365 Personal (24か月版) / Office Home & Business 2024,14.0型ワイド WUXGA 1920×1200ピクセル アンチグレア,,,,16GB / 32GB (増設不可),第四世代 / 第五世代 ハイスピードSSD (NVMe 暗号化機能付き) 512GB,"{'wifi': 'IEEE 802.11a/b/g/n/ac/ax/be準拠, Wi-Fi 7適合, WPA3対応', 'bluetooth': 'Bluetooth® 5.4準拠'}","USB Type-C×2 (Thunderbolt 4, USB Power Delivery, USB4, USB 3.2, DisplayPort 2.1) / USB 3.0×1 / HDMI (出力)×1",約10.5時間〜15.0時間,約26.0時間〜35.0時間,312,226.4,13.9,,VAIO User Sensing / AI ノイズキャンセリング / Copilot+PC / 指紋認証 / 顔認証 / Wi-Fi 7 / ビデオチャット / 品質試験 / JAPAN 日本製 / VAIO User Sensing / AI ノイズキャンセリング / Copilot+PC / 指紋認証 / 顔認証 / Wi-Fi 7 / ビデオチャット / 品質試験 / JAPAN 日本製
VAIO,ノートパソコン,VAIO,VAIO SX14-R,VJS14R295104G,VAIO SX14; VAIO SX14-R; VJS14R19011B; VJS14R19021B; VJS14R19031B; VJS14R19041T; VJS14R19051G; VJS14R19061S; VJS14R295101B; VJS14R295102G; VJS14R295103R; VJS14R295104G,ハイエンド大画面モバイル,はい,いいえ,ハイエンド大画面モバイル (14.0型ワイド) | ハイエンド軽量大画面モバイル (14.0型ワイド) Copilot+PC対応 | 毎日持ち選べる軽さと充実のパフォーマンス、すべてにおいて妥協したくない人へ。,"0.738, 0.0, 0.0","['Windows 11 Home 64ビット', 'Windows 11 Pro 64ビット']",Microsoft 365 Personal (24か月版) / Office Home & Business 2024,14.0型ワイド WUXGA 1920×1200ピクセル アンチグレア,,,,16GB / 32GB (増設不可),第四世代 / 第五世代 ハイスピードSSD (NVMe 暗号化機能付き) 512GB,"{'wifi': 'IEEE 802.11a/b/g/n/ac/ax/be準拠, Wi-Fi 7適合, WPA3対応', 'bluetooth': 'Bluetooth® 5.4準拠'}","USB Type-C×2 (Thunderbolt 4, USB Power Delivery, USB4, USB 3.2, DisplayPort 2.1) / USB 3.0×1 / HDMI (出力)×1",約10.5時間〜15.0時間,約26.0時間〜35.0時間,312,226.4,13.9,,VAIO User Sensing / AI ノイズキャンセリング / Copilot+PC / 指紋認証 / 顔認証 / Wi-Fi 7 / ビデオチャット / 品質試験 / JAPAN 日本製 / VAIO User Sensing / AI ノイズキャンセリング / Copilot+PC / 指紋認証 / 顔認証 / Wi-Fi 7 / ビデオチャット / 品質試験 / JAPAN 日本製
VAIO,ノートパソコン,VAIO,VAIO S13,VAIO S13,VAIO S13; VJS13690111B; VJS13690211T; VJS13690311B; VJS13690411T,アドバンスドモバイル,いいえ,いいえ,アドバンスドモバイル (13.3型ワイド),1.0,['Windows 11 Pro 64ビット'],Office Home & Business 2024,13.3型ワイド WUXGA 1920×1200ピクセル アンチグレア,,,,16GB (増設不可),スタンダードSSD (NVMe 暗号化機能付き) 512GB / 1TB,"{'wifi': 'IEEE 802.11a/b/g/n/ac/ax準拠, Wi-Fi 6E適合, WPA3対応', 'bluetooth': 'Bluetooth® 5.3準拠'}","USB Type-C×2 (USB Power Delivery, USB 3.1, DisplayPort 1.4) / USB 3.0×2 / HDMI (出力)×1",約8.0時間,約21.0時間,299.3,221.1,17.7,,
VAIO,ノートパソコン,VAIO,VAIO S13,VJS13690111B,VAIO S13; VJS13690111B; VJS13690211T; VJS13690311B; VJS13690411T,アドバンスドモバイル,いいえ,いいえ,アドバンスドモバイル (13.3型ワイド),1.0,['Windows 11 Pro 64ビット'],Office Home & Business 2024,13.3型ワイド WUXGA 1920×1200ピクセル アンチグレア,,,,16GB (増設不可),スタンダードSSD (NVMe 暗号化機能付き) 512GB / 1TB,"{'wifi': 'IEEE 802.11a/b/g/n/ac/ax準拠, Wi-Fi 6E適合, WPA3対応', 'bluetooth': 'Bluetooth® 5.3準拠'}","USB Type-C×2 (USB Power Delivery, USB 3.1, DisplayPort 1.4) / USB 3.0×2 / HDMI (出力)×1",約8.0時間,約21.0時間,299.3,221.1,17.7,,
VAIO,ノートパソコン,VAIO,VAIO S13,VJS13690211T,VAIO S13; VJS13690111B; VJS13690211T; VJS13690311B; VJS13690411T,アドバンスドモバイル,いいえ,いいえ,アドバンスドモバイル (13.3型ワイド),1.0,['Windows 11 Pro 64ビット'],Office Home & Business 2024,13.3型ワイド WUXGA 1920×1200ピクセル アンチグレア,,,,16GB (増設不可),スタンダードSSD (NVMe 暗号化機能付き) 512GB / 1TB,"{'wifi': 'IEEE 802.11a/b/g/n/ac/ax準拠, Wi-Fi 6E適合, WPA3対応', 'bluetooth': 'Bluetooth® 5.3準拠'}","USB Type-C×2 (USB Power Delivery, USB 3.1, DisplayPort 1.4) / USB 3.0×2 / HDMI (出力)×1",約8.0時間,約21.0時間,299.3,221.1,17.7,,
VAIO,ノートパソコン,VAIO,VAIO S13,VJS13690311B,VAIO S13; VJS13690111B; VJS13690211T; VJS13690311B; VJS13690411T,アドバンスドモバイル,いいえ,いいえ,アドバンスドモバイル (13.3型ワイド),1.0,['Windows 11 Pro 64ビット'],Office Home & Business 2024,13.3型ワイド WUXGA 1920×1200ピクセル アンチグレア,,,,16GB (増設不可),スタンダードSSD (NVMe 暗号化機能付き) 512GB / 1TB,"{'wifi': 'IEEE 802.11a/b/g/n/ac/ax準拠, Wi-Fi 6E適合, WPA3対応', 'bluetooth': 'Bluetooth® 5.3準拠'}","USB Type-C×2 (USB Power Delivery, USB 3.1, DisplayPort 1.4) / USB 3.0×2 / HDMI (出力)×1",約8.0時間,約21.0時間,299.3,221.1,17.7,,
VAIO,ノートパソコン,VAIO,VAIO S13,VJS13690411T,VAIO S13; VJS13690111B; VJS13690211T; VJS13690311B; VJS13690411T,アドバンスドモバイル,いいえ,いいえ,アドバンスドモバイル (13.3型ワイド),1.0,['Windows 11 Pro 64ビット'],Office Home & Business 2024,13.3型ワイド WUXGA 1920×1200ピクセル アンチグレア,,,,16GB (増設不可),スタンダードSSD (NVMe 暗号化機能付き) 512GB / 1TB,"{'wifi': 'IEEE 802.11a/b/g/n/ac/ax準拠, Wi-Fi 6E適合, WPA3対応', 'bluetooth': 'Bluetooth® 5.3準拠'}","USB Type-C×2 (USB Power Delivery, USB 3.1, DisplayPort 1.4) / USB 3.0×2 / HDMI (出力)×1",約8.0時間,約21.0時間,299.3,221.1,17.7,,
VAIO,ノートパソコン,VAIO,VAIO F16,VAIO F16,VAIO F16; VJF16295104L; VJF16295105N; VJF16297101L; VJF16297102N; VJF16297103S,スタンダード大画面ノート,いいえ,いいえ,スタンダード大画面ノート (16.0型ワイド),1.0,['Windows 11 Home 64ビット'],Office Home & Business 2024,16.0型ワイド WUXGA 1920×1200ピクセル アンチグレア,,,,16GB (増設不可),スタンダードSSD (NVMe 暗号化機能付き) 512GB,"{'wifi': 'IEEE 802.11a/b/g/n/ac/ax準拠, Wi-Fi 6E適合, WPA3対応', 'bluetooth': 'Bluetooth® 5.3準拠'}","USB Type-C×2 (USB Power Delivery, USB 3.1, DisplayPort 1.4) / USB 3.0×2 / HDMI (出力)×1",約6.0時間,約11.5時間,358.3,255.6,16.6,,
VAIO,ノートパソコン,VAIO,VAIO F16,VJF16295104L,VAIO F16; VJF16295104L; VJF16295105N; VJF16297101L; VJF16297102N; VJF16297103S,スタンダード大画面ノート,いいえ,いいえ,スタンダード大画面ノート (16.0型ワイド),1.0,['Windows 11 Home 64ビット'],Office Home & Business 2024,16.0型ワイド WUXGA 1920×1200ピクセル アンチグレア,,,,16GB (増設不可),スタンダードSSD (NVMe 暗号化機能付き) 512GB,"{'wifi': 'IEEE 802.11a/b/g/n/ac/ax準拠, Wi-Fi 6E適合, WPA3対応', 'bluetooth': 'Bluetooth® 5.3準拠'}","USB Type-C×2 (USB Power Delivery, USB 3.1, DisplayPort 1.4) / USB 3.0×2 / HDMI (出力)×1",約6.0時間,約11.5時間,358.3,255.6,16.6,,
VAIO,ノートパソコン,VAIO,VAIO F16,VJF16295105N,VAIO F16; VJF16295104L; VJF16295105N; VJF16297101L; VJF16297102N; VJF16297103S,スタンダード大画面ノート,いいえ,いいえ,スタンダード大画面ノート (16.0型ワイド),1.0,['Windows 11 Home 64ビット'],Office Home & Business 2024,16.0型ワイド WUXGA 1920×1200ピクセル アンチグレア,,,,16GB (増設不可),スタンダードSSD (NVMe 暗号化機能付き) 512GB,"{'wifi': 'IEEE 802.11a/b/g/n/ac/ax準拠, Wi-Fi 6E適合, WPA3対応', 'bluetooth': 'Bluetooth® 5.3準拠'}","USB Type-C×2 (USB Power Delivery, USB 3.1, DisplayPort 1.4) / USB 3.0×2 / HDMI (出力)×1",約6.0時間,約11.5時間,358.3,255.6,16.6,,
VAIO,ノートパソコン,VAIO,VAIO F16,VJF16297101L,VAIO F16; VJF16295104L; VJF16295105N; VJF16297101L; VJF16297102N; VJF16297103S,スタンダード大画面ノート,いいえ,いいえ,スタンダード大画面ノート (16.0型ワイド),1.0,['Windows 11 Home 64ビット'],Office Home & Business 2024,16.0型ワイド WUXGA 1920×1200ピクセル アンチグレア,,,,16GB (増設不可),スタンダードSSD (NVMe 暗号化機能付き) 512GB,"{'wifi': 'IEEE 802.11a/b/g/n/ac/ax準拠, Wi-Fi 6E適合, WPA3対応', 'bluetooth': 'Bluetooth® 5.3準拠'}","USB Type-C×2 (USB Power Delivery, USB 3.1, DisplayPort 1.4) / USB 3.0×2 / HDMI (出力)×1",約6.0時間,約11.5時間,358.3,255.6,16.6,,
VAIO,ノートパソコン,VAIO,VAIO F16,VJF16297102N,VAIO F16; VJF16295104L; VJF16295105N; VJF16297101L; VJF16297102N; VJF16297103S,スタンダード大画面ノート,いいえ,いいえ,スタンダード大画面ノート (16.0型ワイド),1.0,['Windows 11 Home 64ビット'],Office Home & Business 2024,16.0型ワイド WUXGA 1920×1200ピクセル アンチグレア,,,,16GB (増設不可),スタンダードSSD (NVMe 暗号化機能付き) 512GB,"{'wifi': 'IEEE 802.11a/b/g/n/ac/ax準拠, Wi-Fi 6E適合, WPA3対応', 'bluetooth': 'Bluetooth® 5.3準拠'}","USB Type-C×2 (USB Power Delivery, USB 3.1, DisplayPort 1.4) / USB 3.0×2 / HDMI (出力)×1",約6.0時間,約11.5時間,358.3,255.6,16.6,,
VAIO,ノートパソコン,VAIO,VAIO F16,VJF16297103S,VAIO F16; VJF16295104L; VJF16295105N; VJF16297101L; VJF16297102N; VJF16297103S,スタンダード大画面ノート,いいえ,いいえ,スタンダード大画面ノート (16.0型ワイド),1.0,['Windows 11 Home 64ビット'],Office Home & Business 2024,16.0型ワイド WUXGA 1920×1200ピクセル アンチグレア,,,,16GB (増設不可),スタンダードSSD (NVMe 暗号化機能付き) 512GB,"{'wifi': 'IEEE 802.11a/b/g/n/ac/ax準拠, Wi-Fi 6E適合, WPA3対応', 'bluetooth': 'Bluetooth® 5.3準拠'}","USB Type-C×2 (USB Power Delivery, USB 3.1, DisplayPort 1.4) / USB 3.0×2 / HDMI (出力)×1",約6.0時間,約11.5時間,358.3,255.6,16.6,,
VAIO,ノートパソコン,VAIO,VAIO F14,VAIO F14,VAIO F14; VJF14295110L; VJF14295111N; VJF14295112S; VJF14297107L; VJF14297108N; VJF14297109S,スタンダード大画面モバイル,いいえ,いいえ,スタンダード大画面モバイル (14.0型ワイド),1.0,['Windows 11 Home 64ビット'],Microsoft 365 Personal (24か月版) / Office Home & Business 2024,14.0型ワイド Full HD 1920×1080ピクセル アンチグレア,,,,16GB (増設不可),スタンダードSSD (NVMe 暗号化機能付き) 512GB,"{'wifi': 'IEEE 802.11a/b/g/n/ac/ax準拠, Wi-Fi 6E適合, WPA3対応', 'bluetooth': 'Bluetooth® 5.3準拠'}","USB Type-C×2 (USB Power Delivery, USB 3.1, DisplayPort 1.4) / USB 3.0×2 / HDMI (出力)×1",約7.7時間,約12.5時間,322.9,221.5,19.5,,
VAIO,ノートパソコン,VAIO,VAIO F14,VJF14295110L,VAIO F14; VJF14295110L; VJF14295111N; VJF14295112S; VJF14297107L; VJF14297108N; VJF14297109S,スタンダード大画面モバイル,いいえ,いいえ,スタンダード大画面モバイル (14.0型ワイド),1.0,['Windows 11 Home 64ビット'],Microsoft 365 Personal (24か月版) / Office Home & Business 2024,14.0型ワイド Full HD 1920×1080ピクセル アンチグレア,,,,16GB (増設不可),スタンダードSSD (NVMe 暗号化機能付き) 512GB,"{'wifi': 'IEEE 802.11a/b/g/n/ac/ax準拠, Wi-Fi 6E適合, WPA3対応', 'bluetooth': 'Bluetooth® 5.3準拠'}","USB Type-C×2 (USB Power Delivery, USB 3.1, DisplayPort 1.4) / USB 3.0×2 / HDMI (出力)×1",約7.7時間,約12.5時間,322.9,221.5,19.5,,
VAIO,ノートパソコン,VAIO,VAIO F14,VJF14295111N,VAIO F14; VJF14295110L; VJF14295111N; VJF14295112S; VJF14297107L; VJF14297108N; VJF14297109S,スタンダード大画面モバイル,いいえ,いいえ,スタンダード大画面モバイル (14.0型ワイド),1.0,['Windows 11 Home 64ビット'],Microsoft 365 Personal (24か月版) / Office Home & Business 2024,14.0型ワイド Full HD 1920×1080ピクセル アンチグレア,,,,16GB (増設不可),スタンダードSSD (NVMe 暗号化機能付き) 512GB,"{'wifi': 'IEEE 802.11a/b/g/n/ac/ax準拠, Wi-Fi 6E適合, WPA3対応', 'bluetooth': 'Bluetooth® 5.3準拠'}","USB Type-C×2 (USB Power Delivery, USB 3.1, DisplayPort 1.4) / USB 3.0×2 / HDMI (出力)×1",約7.7時間,約12.5時間,322.9,221.5,19.5,,
VAIO,ノートパソコン,VAIO,VAIO F14,VJF14295112S,VAIO F14; VJF14295110L; VJF14295111N; VJF14295112S; VJF14297107L; VJF14297108N; VJF14297109S,スタンダード大画面モバイル,いいえ,いいえ,スタンダード大画面モバイル (14.0型ワイド),1.0,['Windows 11 Home 64ビット'],Microsoft 365 Personal (24か月版) / Office Home & Business 2024,14.0型ワイド Full HD 1920×1080ピクセル アンチグレア,,,,16GB (増設不可),スタンダードSSD (NVMe 暗号化機能付き) 512GB,"{'wifi': 'IEEE 802.11a/b/g/n/ac/ax準拠, Wi-Fi 6E適合, WPA3対応', 'bluetooth': 'Bluetooth® 5.3準拠'}","USB Type-C×2 (USB Power Delivery, USB 3.1, DisplayPort 1.4) / USB 3.0×2 / HDMI (出力)×1",約7.7時間,約12.5時間,322.9,221.5,19.5,,
VAIO,ノートパソコン,VAIO,VAIO F14,VJF14297107L,VAIO F14; VJF14295110L; VJF14295111N; VJF14295112S; VJF14297107L; VJF14297108N; VJF14297109S,スタンダード大画面モバイル,いいえ,いいえ,スタンダード大画面モバイル (14.0型ワイド),1.0,['Windows 11 Home 64ビット'],Microsoft 365 Personal (24か月版) / Office Home & Business 2024,14.0型ワイド Full HD 1920×1080ピクセル アンチグレア,,,,16GB (増設不可),スタンダードSSD (NVMe 暗号化機能付き) 512GB,"{'wifi': 'IEEE 802.11a/b/g/n/ac/ax準拠, Wi-Fi 6E適合, WPA3対応', 'bluetooth': 'Bluetooth® 5.3準拠'}","USB Type-C×2 (USB Power Delivery, USB 3.1, DisplayPort 1.4) / USB 3.0×2 / HDMI (出力)×1",約7.7時間,約12.5時間,322.9,221.5,19.5,,
VAIO,ノートパソコン,VAIO,VAIO F14,VJF14297108N,VAIO F14; VJF14295110L; VJF14295111N; VJF14295112S; VJF14297107L; VJF14297108N; VJF14297109S,スタンダード大画面モバイル,いいえ,いいえ,スタンダード大画面モバイル (14.0型ワイド),1.0,['Windows 11 Home 64ビット'],Microsoft 365 Personal (24か月版) / Office Home & Business 2024,14.0型ワイド Full HD 1920×1080ピクセル アンチグレア,,,,16GB (増設不可),スタンダードSSD (NVMe 暗号化機能付き) 512GB,"{'wifi': 'IEEE 802.11a/b/g/n/ac/ax準拠, Wi-Fi 6E適合, WPA3対応', 'bluetooth': 'Bluetooth® 5.3準拠'}","USB Type-C×2 (USB Power Delivery, USB 3.1, DisplayPort 1.4) / USB 3.0×2 / HDMI (出力)×1",約7.7時間,約12.5時間,322.9,221.5,19.5,,
VAIO,ノートパソコン,VAIO,VAIO F14,VJF14297109S,VAIO F14; VJF14295110L; VJF14295111N; VJF14295112S; VJF14297107L; VJF14297108N; VJF14297109S,スタンダード大画面モバイル,いいえ,いいえ,スタンダード大画面モバイル (14.0型ワイド),1.0,['Windows 11 Home 64ビット'],Microsoft 365 Personal (24か月版) / Office Home & Business 2024,14.0型ワイド Full HD 1920×1080ピクセル アンチグレア,,,,16GB (増設不可),スタンダードSSD (NVMe 暗号化機能付き) 512GB,"{'wifi': 'IEEE 802.11a/b/g/n/ac/ax準拠, Wi-Fi 6E適合, WPA3対応', 'bluetooth': 'Bluetooth® 5.3準拠'}","USB Type-C×2 (USB Power Delivery, USB 3.1, DisplayPort 1.4) / USB 3.0×2 / HDMI (出力)×1",約7.7時間,約12.5時間,322.9,221.5,19.5,,
富士通,ノートパソコン,FMV,Note U (UA-K1),FMVUASK1BA,FMVUASK1BA; FMVUX5K3BA; U59-L1; UA-K1; UQ-L1; UX-K3,タッチ対応モバイルノート,はい,はい,ハイスペックCopilot+ PC (最大47TOPS / 動画再生約15.5時間・アイドル約36.0時間 / 約848g) | 長時間駆動モバイルノート (14.0型 Snapdragon X搭載) Copilot+ PC対応 | タッチ対応モバイルノート (14.0型 Intel Core Ultra 5搭載) Copilot+ PC対応 | 世界最軽量モバイルノート 約634g | ハイスペックモバイルノート (14.0型 Intel Core Ultra 7搭載) Copilot+ PC対応,"0.258, 0.219, 0.0, 0.313, 0.619, 0.229, 0.604, 0.21, 0.852, 0.212",Windows 11 Home,Microsoft 365 Basic + Office Home & Business 2024,14.0型ワイド (狭額縁) 1920×1200ドット (WUXGA) ノングレア液晶 (高輝度・高色純度・広視野角),インテル® Core™ Ultra 7 プロセッサー 258V (Pコア最大4.8GHz / 低消費電力Eコア最大3.7GHz),インテル® AI Boost (最大47TOPS),インテル® Arc™ グラフィックス 140V,"32GB (LPDDR5X-8533, 増設・交換不可)",約512GB SSD (PCIe Gen4),"Wi-Fi 7 (5.76Gbps対応), Bluetooth®","Thunderbolt™ 4 USB4 (Gen3)×2 (USB Power Delivery対応, DisplayPort Alt Mode対応) / USB 3.2 (Gen1)×2 (うち1つは電源オフUSB充電機能付) / HDMI出力端子×1 / microSDメモリーカードスロット",15.5,36,308.8,209,15.8,848,"ライブキャプション / Windows 検索の改善 / リスタイルイメージ / 写真の超解像度 / Click to Do (プレビュー) / コクリエーター / 生成フィル / リコール (プレビュー) / ライブキャプション / Windows 検索の改善 / リスタイルイメージ / 写真の超解像度 / Click to Do (プレビュー) / コクリエーター / 生成フィル / リコール (プレビュー) / ライブキャプション / Windows 検索の改善 / リスタイルイメージ / 写真の超解像度 / Click to Do (プレビュー) / コクリエーター / 生成フィル / リコール (プレビュー) / ライブキャプション / Windows 検索の改善 / リスタイルイメージ / 写真の超解像度 / Click to Do (プレビュー) / コクリエーター / 生成フィル / リコール (プレビュー) / ライブキャプション / Windows 検索の改善 / リスタイルイメージ / 写真の超解像度 / Click to Do (プレビュー) / コクリエーター / 生成フィル / リコール (プレビュー) / ライブキャプション / Windows 検索の改善 / リスタイルイメージ / 写真の超解像度 / Click to Do (プレビュー) / コクリエーター / 生成フィル / リコール (プレビュー) / {""os"": ""Windows 11 Home"", ""office"": ""Microsoft 365 Basic + Office Home & Business 2024"", ""display"": ""14.0型ワイド WUXGA"", ""cpu"": ""インテル® Core™ Ultra 7 プロセッサー 258V"", ""npu"": ""インテル® AI Boost (最大47TOPS)"", ""memory"": ""32GB LPDDR5X-8533"", ""ssd"": ""約512GB"", ""wireless"": ""Wi-Fi 7"", ""battery_life"": ""動画再生時:約15.5時間 / アイドル時:約36.0時間"", ""weight"": ""約848g""} / {""os"": ""Windows 11 Home"", ""office"": ""Microsoft 365 Personal (24か月版) / Office Home & Business 2024 オプション付"", ""display"": ""14.0型ワイド WUXGA"", ""cpu"": ""インテル® Core™ Ultra 7 プロセッサー 255U"", ""npu"": ""インテル® AI Boost (最大12TOPS)"", ""memory"": ""16GB LPDDR5X-8400"", ""ssd"": ""約512GB"", ""wireless"": ""Wi-Fi 7"", ""battery_life"": ""動画再生時:約7.0時間 / アイドル時:約18.0時間"", ""weight"": ""約634g""} / {""os"": ""Windows 11 Home"", ""office"": ""Microsoft 365 Basic + Office Home & Business 2024"", ""display"": ""14.0型ワイド WUXGA"", ""cpu"": ""インテル® Core™ Ultra 7 プロセッサー 258V"", ""npu"": ""インテル® AI Boost (最大47TOPS)"", ""memory"": ""32GB LPDDR5X-8533"", ""ssd"": ""約512GB"", ""wireless"": ""Wi-Fi 7"", ""battery_life"": ""動画再生時:約15.5時間 / アイドル時:約36.0時間"", ""weight"": ""約848g""} / {""os"": ""Windows 11 Home"", ""office"": ""Microsoft 365 Personal (24か月版) / Office Home & Business 2024 オプション付"", ""display"": ""14.0型ワイド WUXGA"", ""cpu"": ""インテル® Core™ Ultra 7 プロセッサー 255U"", ""npu"": ""インテル® AI Boost (最大12TOPS)"", ""memory"": ""16GB LPDDR5X-8400"", ""ssd"": ""約512GB"", ""wireless"": ""Wi-Fi 7"", ""battery_life"": ""動画再生時:約7.0時間 / アイドル時:約18.0時間"", ""weight"": ""約634g""}"
富士通,ノートパソコン,FMV,Note U (UA-K1),FMVUX5K3BA,FMVUASK1BA; FMVUX5K3BA; U59-L1; UA-K1; UQ-L1; UX-K3,タッチ対応モバイルノート,はい,はい,ハイスペックCopilot+ PC (最大47TOPS / 動画再生約15.5時間・アイドル約36.0時間 / 約848g) | 長時間駆動モバイルノート (14.0型 Snapdragon X搭載) Copilot+ PC対応 | タッチ対応モバイルノート (14.0型 Intel Core Ultra 5搭載) Copilot+ PC対応 | 世界最軽量モバイルノート 約634g | ハイスペックモバイルノート (14.0型 Intel Core Ultra 7搭載) Copilot+ PC対応,"0.258, 0.219, 0.0, 0.313, 0.619, 0.229, 0.604, 0.21, 0.852, 0.212",Windows 11 Home,Microsoft 365 Basic + Office Home & Business 2024,14.0型ワイド (狭額縁) 1920×1200ドット (WUXGA) ノングレア液晶 (高輝度・高色純度・広視野角),インテル® Core™ Ultra 7 プロセッサー 258V (Pコア最大4.8GHz / 低消費電力Eコア最大3.7GHz),インテル® AI Boost (最大47TOPS),インテル® Arc™ グラフィックス 140V,"32GB (LPDDR5X-8533, 増設・交換不可)",約512GB SSD (PCIe Gen4),"Wi-Fi 7 (5.76Gbps対応), Bluetooth®","Thunderbolt™ 4 USB4 (Gen3)×2 (USB Power Delivery対応, DisplayPort Alt Mode対応) / USB 3.2 (Gen1)×2 (うち1つは電源オフUSB充電機能付) / HDMI出力端子×1 / microSDメモリーカードスロット",15.5,36,308.8,209,15.8,848,"ライブキャプション / Windows 検索の改善 / リスタイルイメージ / 写真の超解像度 / Click to Do (プレビュー) / コクリエーター / 生成フィル / リコール (プレビュー) / ライブキャプション / Windows 検索の改善 / リスタイルイメージ / 写真の超解像度 / Click to Do (プレビュー) / コクリエーター / 生成フィル / リコール (プレビュー) / ライブキャプション / Windows 検索の改善 / リスタイルイメージ / 写真の超解像度 / Click to Do (プレビュー) / コクリエーター / 生成フィル / リコール (プレビュー) / ライブキャプション / Windows 検索の改善 / リスタイルイメージ / 写真の超解像度 / Click to Do (プレビュー) / コクリエーター / 生成フィル / リコール (プレビュー) / ライブキャプション / Windows 検索の改善 / リスタイルイメージ / 写真の超解像度 / Click to Do (プレビュー) / コクリエーター / 生成フィル / リコール (プレビュー) / ライブキャプション / Windows 検索の改善 / リスタイルイメージ / 写真の超解像度 / Click to Do (プレビュー) / コクリエーター / 生成フィル / リコール (プレビュー) / {""os"": ""Windows 11 Home"", ""office"": ""Microsoft 365 Basic + Office Home & Business 2024"", ""display"": ""14.0型ワイド WUXGA"", ""cpu"": ""インテル® Core™ Ultra 7 プロセッサー 258V"", ""npu"": ""インテル® AI Boost (最大47TOPS)"", ""memory"": ""32GB LPDDR5X-8533"", ""ssd"": ""約512GB"", ""wireless"": ""Wi-Fi 7"", ""battery_life"": ""動画再生時:約15.5時間 / アイドル時:約36.0時間"", ""weight"": ""約848g""} / {""os"": ""Windows 11 Home"", ""office"": ""Microsoft 365 Personal (24か月版) / Office Home & Business 2024 オプション付"", ""display"": ""14.0型ワイド WUXGA"", ""cpu"": ""インテル® Core™ Ultra 7 プロセッサー 255U"", ""npu"": ""インテル® AI Boost (最大12TOPS)"", ""memory"": ""16GB LPDDR5X-8400"", ""ssd"": ""約512GB"", ""wireless"": ""Wi-Fi 7"", ""battery_life"": ""動画再生時:約7.0時間 / アイドル時:約18.0時間"", ""weight"": ""約634g""} / {""os"": ""Windows 11 Home"", ""office"": ""Microsoft 365 Basic + Office Home & Business 2024"", ""display"": ""14.0型ワイド WUXGA"", ""cpu"": ""インテル® Core™ Ultra 7 プロセッサー 258V"", ""npu"": ""インテル® AI Boost (最大47TOPS)"", ""memory"": ""32GB LPDDR5X-8533"", ""ssd"": ""約512GB"", ""wireless"": ""Wi-Fi 7"", ""battery_life"": ""動画再生時:約15.5時間 / アイドル時:約36.0時間"", ""weight"": ""約848g""} / {""os"": ""Windows 11 Home"", ""office"": ""Microsoft 365 Personal (24か月版) / Office Home & Business 2024 オプション付"", ""display"": ""14.0型ワイド WUXGA"", ""cpu"": ""インテル® Core™ Ultra 7 プロセッサー 255U"", ""npu"": ""インテル® AI Boost (最大12TOPS)"", ""memory"": ""16GB LPDDR5X-8400"", ""ssd"": ""約512GB"", ""wireless"": ""Wi-Fi 7"", ""battery_life"": ""動画再生時:約7.0時間 / アイドル時:約18.0時間"", ""weight"": ""約634g""}"
富士通,ノートパソコン,FMV,Note U (UA-K1),U59-L1,FMVUASK1BA; FMVUX5K3BA; U59-L1; UA-K1; UQ-L1; UX-K3,タッチ対応モバイルノート,はい,はい,ハイスペックCopilot+ PC (最大47TOPS / 動画再生約15.5時間・アイドル約36.0時間 / 約848g) | 長時間駆動モバイルノート (14.0型 Snapdragon X搭載) Copilot+ PC対応 | タッチ対応モバイルノート (14.0型 Intel Core Ultra 5搭載) Copilot+ PC対応 | 世界最軽量モバイルノート 約634g | ハイスペックモバイルノート (14.0型 Intel Core Ultra 7搭載) Copilot+ PC対応,"0.258, 0.219, 0.0, 0.313, 0.619, 0.229, 0.604, 0.21, 0.852, 0.212",Windows 11 Home,Microsoft 365 Basic + Office Home & Business 2024,14.0型ワイド (狭額縁) 1920×1200ドット (WUXGA) ノングレア液晶 (高輝度・高色純度・広視野角),インテル® Core™ Ultra 7 プロセッサー 258V (Pコア最大4.8GHz / 低消費電力Eコア最大3.7GHz),インテル® AI Boost (最大47TOPS),インテル® Arc™ グラフィックス 140V,"32GB (LPDDR5X-8533, 増設・交換不可)",約512GB SSD (PCIe Gen4),"Wi-Fi 7 (5.76Gbps対応), Bluetooth®","Thunderbolt™ 4 USB4 (Gen3)×2 (USB Power Delivery対応, DisplayPort Alt Mode対応) / USB 3.2 (Gen1)×2 (うち1つは電源オフUSB充電機能付) / HDMI出力端子×1 / microSDメモリーカードスロット",15.5,36,308.8,209,15.8,848,"ライブキャプション / Windows 検索の改善 / リスタイルイメージ / 写真の超解像度 / Click to Do (プレビュー) / コクリエーター / 生成フィル / リコール (プレビュー) / ライブキャプション / Windows 検索の改善 / リスタイルイメージ / 写真の超解像度 / Click to Do (プレビュー) / コクリエーター / 生成フィル / リコール (プレビュー) / ライブキャプション / Windows 検索の改善 / リスタイルイメージ / 写真の超解像度 / Click to Do (プレビュー) / コクリエーター / 生成フィル / リコール (プレビュー) / ライブキャプション / Windows 検索の改善 / リスタイルイメージ / 写真の超解像度 / Click to Do (プレビュー) / コクリエーター / 生成フィル / リコール (プレビュー) / ライブキャプション / Windows 検索の改善 / リスタイルイメージ / 写真の超解像度 / Click to Do (プレビュー) / コクリエーター / 生成フィル / リコール (プレビュー) / ライブキャプション / Windows 検索の改善 / リスタイルイメージ / 写真の超解像度 / Click to Do (プレビュー) / コクリエーター / 生成フィル / リコール (プレビュー) / {""os"": ""Windows 11 Home"", ""office"": ""Microsoft 365 Basic + Office Home & Business 2024"", ""display"": ""14.0型ワイド WUXGA"", ""cpu"": ""インテル® Core™ Ultra 7 プロセッサー 258V"", ""npu"": ""インテル® AI Boost (最大47TOPS)"", ""memory"": ""32GB LPDDR5X-8533"", ""ssd"": ""約512GB"", ""wireless"": ""Wi-Fi 7"", ""battery_life"": ""動画再生時:約15.5時間 / アイドル時:約36.0時間"", ""weight"": ""約848g""} / {""os"": ""Windows 11 Home"", ""office"": ""Microsoft 365 Personal (24か月版) / Office Home & Business 2024 オプション付"", ""display"": ""14.0型ワイド WUXGA"", ""cpu"": ""インテル® Core™ Ultra 7 プロセッサー 255U"", ""npu"": ""インテル® AI Boost (最大12TOPS)"", ""memory"": ""16GB LPDDR5X-8400"", ""ssd"": ""約512GB"", ""wireless"": ""Wi-Fi 7"", ""battery_life"": ""動画再生時:約7.0時間 / アイドル時:約18.0時間"", ""weight"": ""約634g""} / {""os"": ""Windows 11 Home"", ""office"": ""Microsoft 365 Basic + Office Home & Business 2024"", ""display"": ""14.0型ワイド WUXGA"", ""cpu"": ""インテル® Core™ Ultra 7 プロセッサー 258V"", ""npu"": ""インテル® AI Boost (最大47TOPS)"", ""memory"": ""32GB LPDDR5X-8533"", ""ssd"": ""約512GB"", ""wireless"": ""Wi-Fi 7"", ""battery_life"": ""動画再生時:約15.5時間 / アイドル時:約36.0時間"", ""weight"": ""約848g""} / {""os"": ""Windows 11 Home"", ""office"": ""Microsoft 365 Personal (24か月版) / Office Home & Business 2024 オプション付"", ""display"": ""14.0型ワイド WUXGA"", ""cpu"": ""インテル® Core™ Ultra 7 プロセッサー 255U"", ""npu"": ""インテル® AI Boost (最大12TOPS)"", ""memory"": ""16GB LPDDR5X-8400"", ""ssd"": ""約512GB"", ""wireless"": ""Wi-Fi 7"", ""battery_life"": ""動画再生時:約7.0時間 / アイドル時:約18.0時間"", ""weight"": ""約634g""}"
富士通,ノートパソコン,FMV,Note U (UA-K1),UA-K1,FMVUASK1BA; FMVUX5K3BA; U59-L1; UA-K1; UQ-L1; UX-K3,タッチ対応モバイルノート,はい,はい,ハイスペックCopilot+ PC (最大47TOPS / 動画再生約15.5時間・アイドル約36.0時間 / 約848g) | 長時間駆動モバイルノート (14.0型 Snapdragon X搭載) Copilot+ PC対応 | タッチ対応モバイルノート (14.0型 Intel Core Ultra 5搭載) Copilot+ PC対応 | 世界最軽量モバイルノート 約634g | ハイスペックモバイルノート (14.0型 Intel Core Ultra 7搭載) Copilot+ PC対応,"0.258, 0.219, 0.0, 0.313, 0.619, 0.229, 0.604, 0.21, 0.852, 0.212",Windows 11 Home,Microsoft 365 Basic + Office Home & Business 2024,14.0型ワイド (狭額縁) 1920×1200ドット (WUXGA) ノングレア液晶 (高輝度・高色純度・広視野角),インテル® Core™ Ultra 7 プロセッサー 258V (Pコア最大4.8GHz / 低消費電力Eコア最大3.7GHz),インテル® AI Boost (最大47TOPS),インテル® Arc™ グラフィックス 140V,"32GB (LPDDR5X-8533, 増設・交換不可)",約512GB SSD (PCIe Gen4),"Wi-Fi 7 (5.76Gbps対応), Bluetooth®","Thunderbolt™ 4 USB4 (Gen3)×2 (USB Power Delivery対応, DisplayPort Alt Mode対応) / USB 3.2 (Gen1)×2 (うち1つは電源オフUSB充電機能付) / HDMI出力端子×1 / microSDメモリーカードスロット",15.5,36,308.8,209,15.8,848,"ライブキャプション / Windows 検索の改善 / リスタイルイメージ / 写真の超解像度 / Click to Do (プレビュー) / コクリエーター / 生成フィル / リコール (プレビュー) / ライブキャプション / Windows 検索の改善 / リスタイルイメージ / 写真の超解像度 / Click to Do (プレビュー) / コクリエーター / 生成フィル / リコール (プレビュー) / ライブキャプション / Windows 検索の改善 / リスタイルイメージ / 写真の超解像度 / Click to Do (プレビュー) / コクリエーター / 生成フィル / リコール (プレビュー) / ライブキャプション / Windows 検索の改善 / リスタイルイメージ / 写真の超解像度 / Click to Do (プレビュー) / コクリエーター / 生成フィル / リコール (プレビュー) / ライブキャプション / Windows 検索の改善 / リスタイルイメージ / 写真の超解像度 / Click to Do (プレビュー) / コクリエーター / 生成フィル / リコール (プレビュー) / ライブキャプション / Windows 検索の改善 / リスタイルイメージ / 写真の超解像度 / Click to Do (プレビュー) / コクリエーター / 生成フィル / リコール (プレビュー) / {""os"": ""Windows 11 Home"", ""office"": ""Microsoft 365 Basic + Office Home & Business 2024"", ""display"": ""14.0型ワイド WUXGA"", ""cpu"": ""インテル® Core™ Ultra 7 プロセッサー 258V"", ""npu"": ""インテル® AI Boost (最大47TOPS)"", ""memory"": ""32GB LPDDR5X-8533"", ""ssd"": ""約512GB"", ""wireless"": ""Wi-Fi 7"", ""battery_life"": ""動画再生時:約15.5時間 / アイドル時:約36.0時間"", ""weight"": ""約848g""} / {""os"": ""Windows 11 Home"", ""office"": ""Microsoft 365 Personal (24か月版) / Office Home & Business 2024 オプション付"", ""display"": ""14.0型ワイド WUXGA"", ""cpu"": ""インテル® Core™ Ultra 7 プロセッサー 255U"", ""npu"": ""インテル® AI Boost (最大12TOPS)"", ""memory"": ""16GB LPDDR5X-8400"", ""ssd"": ""約512GB"", ""wireless"": ""Wi-Fi 7"", ""battery_life"": ""動画再生時:約7.0時間 / アイドル時:約18.0時間"", ""weight"": ""約634g""} / {""os"": ""Windows 11 Home"", ""office"": ""Microsoft 365 Basic + Office Home & Business 2024"", ""display"": ""14.0型ワイド WUXGA"", ""cpu"": ""インテル® Core™ Ultra 7 プロセッサー 258V"", ""npu"": ""インテル® AI Boost (最大47TOPS)"", ""memory"": ""32GB LPDDR5X-8533"", ""ssd"": ""約512GB"", ""wireless"": ""Wi-Fi 7"", ""battery_life"": ""動画再生時:約15.5時間 / アイドル時:約36.0時間"", ""weight"": ""約848g""} / {""os"": ""Windows 11 Home"", ""office"": ""Microsoft 365 Personal (24か月版) / Office Home & Business 2024 オプション付"", ""display"": ""14.0型ワイド WUXGA"", ""cpu"": ""インテル® Core™ Ultra 7 プロセッサー 255U"", ""npu"": ""インテル® AI Boost (最大12TOPS)"", ""memory"": ""16GB LPDDR5X-8400"", ""ssd"": ""約512GB"", ""wireless"": ""Wi-Fi 7"", ""battery_life"": ""動画再生時:約7.0時間 / アイドル時:約18.0時間"", ""weight"": ""約634g""}"
富士通,ノートパソコン,FMV,Note U (UA-K1),UQ-L1,FMVUASK1BA; FMVUX5K3BA; U59-L1; UA-K1; UQ-L1; UX-K3,タッチ対応モバイルノート,はい,はい,ハイスペックCopilot+ PC (最大47TOPS / 動画再生約15.5時間・アイドル約36.0時間 / 約848g) | 長時間駆動モバイルノート (14.0型 Snapdragon X搭載) Copilot+ PC対応 | タッチ対応モバイルノート (14.0型 Intel Core Ultra 5搭載) Copilot+ PC対応 | 世界最軽量モバイルノート 約634g | ハイスペックモバイルノート (14.0型 Intel Core Ultra 7搭載) Copilot+ PC対応,"0.258, 0.219, 0.0, 0.313, 0.619, 0.229, 0.604, 0.21, 0.852, 0.212",Windows 11 Home,Microsoft 365 Basic + Office Home & Business 2024,14.0型ワイド (狭額縁) 1920×1200ドット (WUXGA) ノングレア液晶 (高輝度・高色純度・広視野角),インテル® Core™ Ultra 7 プロセッサー 258V (Pコア最大4.8GHz / 低消費電力Eコア最大3.7GHz),インテル® AI Boost (最大47TOPS),インテル® Arc™ グラフィックス 140V,"32GB (LPDDR5X-8533, 増設・交換不可)",約512GB SSD (PCIe Gen4),"Wi-Fi 7 (5.76Gbps対応), Bluetooth®","Thunderbolt™ 4 USB4 (Gen3)×2 (USB Power Delivery対応, DisplayPort Alt Mode対応) / USB 3.2 (Gen1)×2 (うち1つは電源オフUSB充電機能付) / HDMI出力端子×1 / microSDメモリーカードスロット",15.5,36,308.8,209,15.8,848,"ライブキャプション / Windows 検索の改善 / リスタイルイメージ / 写真の超解像度 / Click to Do (プレビュー) / コクリエーター / 生成フィル / リコール (プレビュー) / ライブキャプション / Windows 検索の改善 / リスタイルイメージ / 写真の超解像度 / Click to Do (プレビュー) / コクリエーター / 生成フィル / リコール (プレビュー) / ライブキャプション / Windows 検索の改善 / リスタイルイメージ / 写真の超解像度 / Click to Do (プレビュー) / コクリエーター / 生成フィル / リコール (プレビュー) / ライブキャプション / Windows 検索の改善 / リスタイルイメージ / 写真の超解像度 / Click to Do (プレビュー) / コクリエーター / 生成フィル / リコール (プレビュー) / ライブキャプション / Windows 検索の改善 / リスタイルイメージ / 写真の超解像度 / Click to Do (プレビュー) / コクリエーター / 生成フィル / リコール (プレビュー) / ライブキャプション / Windows 検索の改善 / リスタイルイメージ / 写真の超解像度 / Click to Do (プレビュー) / コクリエーター / 生成フィル / リコール (プレビュー) / {""os"": ""Windows 11 Home"", ""office"": ""Microsoft 365 Basic + Office Home & Business 2024"", ""display"": ""14.0型ワイド WUXGA"", ""cpu"": ""インテル® Core™ Ultra 7 プロセッサー 258V"", ""npu"": ""インテル® AI Boost (最大47TOPS)"", ""memory"": ""32GB LPDDR5X-8533"", ""ssd"": ""約512GB"", ""wireless"": ""Wi-Fi 7"", ""battery_life"": ""動画再生時:約15.5時間 / アイドル時:約36.0時間"", ""weight"": ""約848g""} / {""os"": ""Windows 11 Home"", ""office"": ""Microsoft 365 Personal (24か月版) / Office Home & Business 2024 オプション付"", ""display"": ""14.0型ワイド WUXGA"", ""cpu"": ""インテル® Core™ Ultra 7 プロセッサー 255U"", ""npu"": ""インテル® AI Boost (最大12TOPS)"", ""memory"": ""16GB LPDDR5X-8400"", ""ssd"": ""約512GB"", ""wireless"": ""Wi-Fi 7"", ""battery_life"": ""動画再生時:約7.0時間 / アイドル時:約18.0時間"", ""weight"": ""約634g""} / {""os"": ""Windows 11 Home"", ""office"": ""Microsoft 365 Basic + Office Home & Business 2024"", ""display"": ""14.0型ワイド WUXGA"", ""cpu"": ""インテル® Core™ Ultra 7 プロセッサー 258V"", ""npu"": ""インテル® AI Boost (最大47TOPS)"", ""memory"": ""32GB LPDDR5X-8533"", ""ssd"": ""約512GB"", ""wireless"": ""Wi-Fi 7"", ""battery_life"": ""動画再生時:約15.5時間 / アイドル時:約36.0時間"", ""weight"": ""約848g""} / {""os"": ""Windows 11 Home"", ""office"": ""Microsoft 365 Personal (24か月版) / Office Home & Business 2024 オプション付"", ""display"": ""14.0型ワイド WUXGA"", ""cpu"": ""インテル® Core™ Ultra 7 プロセッサー 255U"", ""npu"": ""インテル® AI Boost (最大12TOPS)"", ""memory"": ""16GB LPDDR5X-8400"", ""ssd"": ""約512GB"", ""wireless"": ""Wi-Fi 7"", ""battery_life"": ""動画再生時:約7.0時間 / アイドル時:約18.0時間"", ""weight"": ""約634g""}"
富士通,ノートパソコン,FMV,Note U (UA-K1),UX-K3,FMVUASK1BA; FMVUX5K3BA; U59-L1; UA-K1; UQ-L1; UX-K3,タッチ対応モバイルノート,はい,はい,ハイスペックCopilot+ PC (最大47TOPS / 動画再生約15.5時間・アイドル約36.0時間 / 約848g) | 長時間駆動モバイルノート (14.0型 Snapdragon X搭載) Copilot+ PC対応 | タッチ対応モバイルノート (14.0型 Intel Core Ultra 5搭載) Copilot+ PC対応 | 世界最軽量モバイルノート 約634g | ハイスペックモバイルノート (14.0型 Intel Core Ultra 7搭載) Copilot+ PC対応,"0.258, 0.219, 0.0, 0.313, 0.619, 0.229, 0.604, 0.21, 0.852, 0.212",Windows 11 Home,Microsoft 365 Basic + Office Home & Business 2024,14.0型ワイド (狭額縁) 1920×1200ドット (WUXGA) ノングレア液晶 (高輝度・高色純度・広視野角),インテル® Core™ Ultra 7 プロセッサー 258V (Pコア最大4.8GHz / 低消費電力Eコア最大3.7GHz),インテル® AI Boost (最大47TOPS),インテル® Arc™ グラフィックス 140V,"32GB (LPDDR5X-8533, 増設・交換不可)",約512GB SSD (PCIe Gen4),"Wi-Fi 7 (5.76Gbps対応), Bluetooth®","Thunderbolt™ 4 USB4 (Gen3)×2 (USB Power Delivery対応, DisplayPort Alt Mode対応) / USB 3.2 (Gen1)×2 (うち1つは電源オフUSB充電機能付) / HDMI出力端子×1 / microSDメモリーカードスロット",15.5,36,308.8,209,15.8,848,"ライブキャプション / Windows 検索の改善 / リスタイルイメージ / 写真の超解像度 / Click to Do (プレビュー) / コクリエーター / 生成フィル / リコール (プレビュー) / ライブキャプション / Windows 検索の改善 / リスタイルイメージ / 写真の超解像度 / Click to Do (プレビュー) / コクリエーター / 生成フィル / リコール (プレビュー) / ライブキャプション / Windows 検索の改善 / リスタイルイメージ / 写真の超解像度 / Click to Do (プレビュー) / コクリエーター / 生成フィル / リコール (プレビュー) / ライブキャプション / Windows 検索の改善 / リスタイルイメージ / 写真の超解像度 / Click to Do (プレビュー) / コクリエーター / 生成フィル / リコール (プレビュー) / ライブキャプション / Windows 検索の改善 / リスタイルイメージ / 写真の超解像度 / Click to Do (プレビュー) / コクリエーター / 生成フィル / リコール (プレビュー) / ライブキャプション / Windows 検索の改善 / リスタイルイメージ / 写真の超解像度 / Click to Do (プレビュー) / コクリエーター / 生成フィル / リコール (プレビュー) / {""os"": ""Windows 11 Home"", ""office"": ""Microsoft 365 Basic + Office Home & Business 2024"", ""display"": ""14.0型ワイド WUXGA"", ""cpu"": ""インテル® Core™ Ultra 7 プロセッサー 258V"", ""npu"": ""インテル® AI Boost (最大47TOPS)"", ""memory"": ""32GB LPDDR5X-8533"", ""ssd"": ""約512GB"", ""wireless"": ""Wi-Fi 7"", ""battery_life"": ""動画再生時:約15.5時間 / アイドル時:約36.0時間"", ""weight"": ""約848g""} / {""os"": ""Windows 11 Home"", ""office"": ""Microsoft 365 Personal (24か月版) / Office Home & Business 2024 オプション付"", ""display"": ""14.0型ワイド WUXGA"", ""cpu"": ""インテル® Core™ Ultra 7 プロセッサー 255U"", ""npu"": ""インテル® AI Boost (最大12TOPS)"", ""memory"": ""16GB LPDDR5X-8400"", ""ssd"": ""約512GB"", ""wireless"": ""Wi-Fi 7"", ""battery_life"": ""動画再生時:約7.0時間 / アイドル時:約18.0時間"", ""weight"": ""約634g""} / {""os"": ""Windows 11 Home"", ""office"": ""Microsoft 365 Basic + Office Home & Business 2024"", ""display"": ""14.0型ワイド WUXGA"", ""cpu"": ""インテル® Core™ Ultra 7 プロセッサー 258V"", ""npu"": ""インテル® AI Boost (最大47TOPS)"", ""memory"": ""32GB LPDDR5X-8533"", ""ssd"": ""約512GB"", ""wireless"": ""Wi-Fi 7"", ""battery_life"": ""動画再生時:約15.5時間 / アイドル時:約36.0時間"", ""weight"": ""約848g""} / {""os"": ""Windows 11 Home"", ""office"": ""Microsoft 365 Personal (24か月版) / Office Home & Business 2024 オプション付"", ""display"": ""14.0型ワイド WUXGA"", ""cpu"": ""インテル® Core™ Ultra 7 プロセッサー 255U"", ""npu"": ""インテル® AI Boost (最大12TOPS)"", ""memory"": ""16GB LPDDR5X-8400"", ""ssd"": ""約512GB"", ""wireless"": ""Wi-Fi 7"", ""battery_life"": ""動画再生時:約7.0時間 / アイドル時:約18.0時間"", ""weight"": ""約634g""}"
富士通,ノートパソコン,FMV,Note U (U59-L1),FMVU59L1BA,FMVU59L1BA; FMVUASK1BA; FMVUX5K3BA; UA-K1; UX-K3,,はい,はい,世界最軽量モバイルノート 約634g | ハイスペックCopilot+ PC (最大47TOPS / 動画再生約15.5時間・アイドル約36.0時間 / 約848g),0.0,Windows 11 Home,Microsoft 365 Personal (24か月版) / Office Home & Business 2024,14.0型ワイド (狭額縁) 1920×1200ドット (WUXGA) タッチパネル式 ノングレア液晶 (高輝度・高色純度・広視野角),インテル® Core™ Ultra 5 プロセッサー 226V (Pコア最大4.5GHz / 低消費電力Eコア最大3.5GHz),インテル® AI Boost (最大40TOPS),インテル® Arc™ グラフィックス 130V,"16GB (LPDDR5X-8533, 増設・交換不可)",約512GB SSD (PCIe Gen4),"Wi-Fi 7 (5.76Gbps対応), Bluetooth®","Thunderbolt™ 4 USB4 (Gen3)×2 (USB Power Delivery対応, DisplayPort Alt Mode対応) / USB 3.2 (Gen1)×2 (うち1つは電源オフUSB充電機能付) / HDMI出力端子×1 / microSDメモリーカードスロット",14.5,34,308.8,209,15.8,908,"{""os"": ""Windows 11 Home"", ""office"": ""Microsoft 365 Basic + Office Home & Business 2024"", ""display"": ""14.0型ワイド WUXGA"", ""cpu"": ""インテル® Core™ Ultra 7 プロセッサー 258V"", ""npu"": ""インテル® AI Boost (最大47TOPS)"", ""memory"": ""32GB LPDDR5X-8533"", ""ssd"": ""約512GB"", ""wireless"": ""Wi-Fi 7"", ""battery_life"": ""動画再生時:約15.5時間 / アイドル時:約36.0時間"", ""weight"": ""約848g""} / {""os"": ""Windows 11 Home"", ""office"": ""Microsoft 365 Personal (24か月版) / Office Home & Business 2024 オプション付"", ""display"": ""14.0型ワイド WUXGA"", ""cpu"": ""インテル® Core™ Ultra 7 プロセッサー 255U"", ""npu"": ""インテル® AI Boost (最大12TOPS)"", ""memory"": ""16GB LPDDR5X-8400"", ""ssd"": ""約512GB"", ""wireless"": ""Wi-Fi 7"", ""battery_life"": ""動画再生時:約7.0時間 / アイドル時:約18.0時間"", ""weight"": ""約634g""} / {""os"": ""Windows 11 Home"", ""office"": ""Microsoft 365 Basic + Office Home & Business 2024"", ""display"": ""14.0型ワイド WUXGA"", ""cpu"": ""インテル® Core™ Ultra 7 プロセッサー 258V"", ""npu"": ""インテル® AI Boost (最大47TOPS)"", ""memory"": ""32GB LPDDR5X-8533"", ""ssd"": ""約512GB"", ""wireless"": ""Wi-Fi 7"", ""battery_life"": ""動画再生時:約15.5時間 / アイドル時:約36.0時間"", ""weight"": ""約848g""} / {""os"": ""Windows 11 Home"", ""office"": ""Microsoft 365 Personal (24か月版) / Office Home & Business 2024 オプション付"", ""display"": ""14.0型ワイド WUXGA"", ""cpu"": ""インテル® Core™ Ultra 7 プロセッサー 255U"", ""npu"": ""インテル® AI Boost (最大12TOPS)"", ""memory"": ""16GB LPDDR5X-8400"", ""ssd"": ""約512GB"", ""wireless"": ""Wi-Fi 7"", ""battery_life"": ""動画再生時:約7.0時間 / アイドル時:約18.0時間"", ""weight"": ""約634g""}"
富士通,ノートパソコン,FMV,Note U (U59-L1),FMVUASK1BA,FMVU59L1BA; FMVUASK1BA; FMVUX5K3BA; UA-K1; UX-K3,,はい,はい,世界最軽量モバイルノート 約634g | ハイスペックCopilot+ PC (最大47TOPS / 動画再生約15.5時間・アイドル約36.0時間 / 約848g),0.0,Windows 11 Home,Microsoft 365 Personal (24か月版) / Office Home & Business 2024,14.0型ワイド (狭額縁) 1920×1200ドット (WUXGA) タッチパネル式 ノングレア液晶 (高輝度・高色純度・広視野角),インテル® Core™ Ultra 5 プロセッサー 226V (Pコア最大4.5GHz / 低消費電力Eコア最大3.5GHz),インテル® AI Boost (最大40TOPS),インテル® Arc™ グラフィックス 130V,"16GB (LPDDR5X-8533, 増設・交換不可)",約512GB SSD (PCIe Gen4),"Wi-Fi 7 (5.76Gbps対応), Bluetooth®","Thunderbolt™ 4 USB4 (Gen3)×2 (USB Power Delivery対応, DisplayPort Alt Mode対応) / USB 3.2 (Gen1)×2 (うち1つは電源オフUSB充電機能付) / HDMI出力端子×1 / microSDメモリーカードスロット",14.5,34,308.8,209,15.8,908,"{""os"": ""Windows 11 Home"", ""office"": ""Microsoft 365 Basic + Office Home & Business 2024"", ""display"": ""14.0型ワイド WUXGA"", ""cpu"": ""インテル® Core™ Ultra 7 プロセッサー 258V"", ""npu"": ""インテル® AI Boost (最大47TOPS)"", ""memory"": ""32GB LPDDR5X-8533"", ""ssd"": ""約512GB"", ""wireless"": ""Wi-Fi 7"", ""battery_life"": ""動画再生時:約15.5時間 / アイドル時:約36.0時間"", ""weight"": ""約848g""} / {""os"": ""Windows 11 Home"", ""office"": ""Microsoft 365 Personal (24か月版) / Office Home & Business 2024 オプション付"", ""display"": ""14.0型ワイド WUXGA"", ""cpu"": ""インテル® Core™ Ultra 7 プロセッサー 255U"", ""npu"": ""インテル® AI Boost (最大12TOPS)"", ""memory"": ""16GB LPDDR5X-8400"", ""ssd"": ""約512GB"", ""wireless"": ""Wi-Fi 7"", ""battery_life"": ""動画再生時:約7.0時間 / アイドル時:約18.0時間"", ""weight"": ""約634g""} / {""os"": ""Windows 11 Home"", ""office"": ""Microsoft 365 Basic + Office Home & Business 2024"", ""display"": ""14.0型ワイド WUXGA"", ""cpu"": ""インテル® Core™ Ultra 7 プロセッサー 258V"", ""npu"": ""インテル® AI Boost (最大47TOPS)"", ""memory"": ""32GB LPDDR5X-8533"", ""ssd"": ""約512GB"", ""wireless"": ""Wi-Fi 7"", ""battery_life"": ""動画再生時:約15.5時間 / アイドル時:約36.0時間"", ""weight"": ""約848g""} / {""os"": ""Windows 11 Home"", ""office"": ""Microsoft 365 Personal (24か月版) / Office Home & Business 2024 オプション付"", ""display"": ""14.0型ワイド WUXGA"", ""cpu"": ""インテル® Core™ Ultra 7 プロセッサー 255U"", ""npu"": ""インテル® AI Boost (最大12TOPS)"", ""memory"": ""16GB LPDDR5X-8400"", ""ssd"": ""約512GB"", ""wireless"": ""Wi-Fi 7"", ""battery_life"": ""動画再生時:約7.0時間 / アイドル時:約18.0時間"", ""weight"": ""約634g""}"
富士通,ノートパソコン,FMV,Note U (U59-L1),FMVUX5K3BA,FMVU59L1BA; FMVUASK1BA; FMVUX5K3BA; UA-K1; UX-K3,,はい,はい,世界最軽量モバイルノート 約634g | ハイスペックCopilot+ PC (最大47TOPS / 動画再生約15.5時間・アイドル約36.0時間 / 約848g),0.0,Windows 11 Home,Microsoft 365 Personal (24か月版) / Office Home & Business 2024,14.0型ワイド (狭額縁) 1920×1200ドット (WUXGA) タッチパネル式 ノングレア液晶 (高輝度・高色純度・広視野角),インテル® Core™ Ultra 5 プロセッサー 226V (Pコア最大4.5GHz / 低消費電力Eコア最大3.5GHz),インテル® AI Boost (最大40TOPS),インテル® Arc™ グラフィックス 130V,"16GB (LPDDR5X-8533, 増設・交換不可)",約512GB SSD (PCIe Gen4),"Wi-Fi 7 (5.76Gbps対応), Bluetooth®","Thunderbolt™ 4 USB4 (Gen3)×2 (USB Power Delivery対応, DisplayPort Alt Mode対応) / USB 3.2 (Gen1)×2 (うち1つは電源オフUSB充電機能付) / HDMI出力端子×1 / microSDメモリーカードスロット",14.5,34,308.8,209,15.8,908,"{""os"": ""Windows 11 Home"", ""office"": ""Microsoft 365 Basic + Office Home & Business 2024"", ""display"": ""14.0型ワイド WUXGA"", ""cpu"": ""インテル® Core™ Ultra 7 プロセッサー 258V"", ""npu"": ""インテル® AI Boost (最大47TOPS)"", ""memory"": ""32GB LPDDR5X-8533"", ""ssd"": ""約512GB"", ""wireless"": ""Wi-Fi 7"", ""battery_life"": ""動画再生時:約15.5時間 / アイドル時:約36.0時間"", ""weight"": ""約848g""} / {""os"": ""Windows 11 Home"", ""office"": ""Microsoft 365 Personal (24か月版) / Office Home & Business 2024 オプション付"", ""display"": ""14.0型ワイド WUXGA"", ""cpu"": ""インテル® Core™ Ultra 7 プロセッサー 255U"", ""npu"": ""インテル® AI Boost (最大12TOPS)"", ""memory"": ""16GB LPDDR5X-8400"", ""ssd"": ""約512GB"", ""wireless"": ""Wi-Fi 7"", ""battery_life"": ""動画再生時:約7.0時間 / アイドル時:約18.0時間"", ""weight"": ""約634g""} / {""os"": ""Windows 11 Home"", ""office"": ""Microsoft 365 Basic + Office Home & Business 2024"", ""display"": ""14.0型ワイド WUXGA"", ""cpu"": ""インテル® Core™ Ultra 7 プロセッサー 258V"", ""npu"": ""インテル® AI Boost (最大47TOPS)"", ""memory"": ""32GB LPDDR5X-8533"", ""ssd"": ""約512GB"", ""wireless"": ""Wi-Fi 7"", ""battery_life"": ""動画再生時:約15.5時間 / アイドル時:約36.0時間"", ""weight"": ""約848g""} / {""os"": ""Windows 11 Home"", ""office"": ""Microsoft 365 Personal (24か月版) / Office Home & Business 2024 オプション付"", ""display"": ""14.0型ワイド WUXGA"", ""cpu"": ""インテル® Core™ Ultra 7 プロセッサー 255U"", ""npu"": ""インテル® AI Boost (最大12TOPS)"", ""memory"": ""16GB LPDDR5X-8400"", ""ssd"": ""約512GB"", ""wireless"": ""Wi-Fi 7"", ""battery_life"": ""動画再生時:約7.0時間 / アイドル時:約18.0時間"", ""weight"": ""約634g""}"
富士通,ノートパソコン,FMV,Note U (U59-L1),UA-K1,FMVU59L1BA; FMVUASK1BA; FMVUX5K3BA; UA-K1; UX-K3,,はい,はい,世界最軽量モバイルノート 約634g | ハイスペックCopilot+ PC (最大47TOPS / 動画再生約15.5時間・アイドル約36.0時間 / 約848g),0.0,Windows 11 Home,Microsoft 365 Personal (24か月版) / Office Home & Business 2024,14.0型ワイド (狭額縁) 1920×1200ドット (WUXGA) タッチパネル式 ノングレア液晶 (高輝度・高色純度・広視野角),インテル® Core™ Ultra 5 プロセッサー 226V (Pコア最大4.5GHz / 低消費電力Eコア最大3.5GHz),インテル® AI Boost (最大40TOPS),インテル® Arc™ グラフィックス 130V,"16GB (LPDDR5X-8533, 増設・交換不可)",約512GB SSD (PCIe Gen4),"Wi-Fi 7 (5.76Gbps対応), Bluetooth®","Thunderbolt™ 4 USB4 (Gen3)×2 (USB Power Delivery対応, DisplayPort Alt Mode対応) / USB 3.2 (Gen1)×2 (うち1つは電源オフUSB充電機能付) / HDMI出力端子×1 / microSDメモリーカードスロット",14.5,34,308.8,209,15.8,908,"{""os"": ""Windows 11 Home"", ""office"": ""Microsoft 365 Basic + Office Home & Business 2024"", ""display"": ""14.0型ワイド WUXGA"", ""cpu"": ""インテル® Core™ Ultra 7 プロセッサー 258V"", ""npu"": ""インテル® AI Boost (最大47TOPS)"", ""memory"": ""32GB LPDDR5X-8533"", ""ssd"": ""約512GB"", ""wireless"": ""Wi-Fi 7"", ""battery_life"": ""動画再生時:約15.5時間 / アイドル時:約36.0時間"", ""weight"": ""約848g""} / {""os"": ""Windows 11 Home"", ""office"": ""Microsoft 365 Personal (24か月版) / Office Home & Business 2024 オプション付"", ""display"": ""14.0型ワイド WUXGA"", ""cpu"": ""インテル® Core™ Ultra 7 プロセッサー 255U"", ""npu"": ""インテル® AI Boost (最大12TOPS)"", ""memory"": ""16GB LPDDR5X-8400"", ""ssd"": ""約512GB"", ""wireless"": ""Wi-Fi 7"", ""battery_life"": ""動画再生時:約7.0時間 / アイドル時:約18.0時間"", ""weight"": ""約634g""} / {""os"": ""Windows 11 Home"", ""office"": ""Microsoft 365 Basic + Office Home & Business 2024"", ""display"": ""14.0型ワイド WUXGA"", ""cpu"": ""インテル® Core™ Ultra 7 プロセッサー 258V"", ""npu"": ""インテル® AI Boost (最大47TOPS)"", ""memory"": ""32GB LPDDR5X-8533"", ""ssd"": ""約512GB"", ""wireless"": ""Wi-Fi 7"", ""battery_life"": ""動画再生時:約15.5時間 / アイドル時:約36.0時間"", ""weight"": ""約848g""} / {""os"": ""Windows 11 Home"", ""office"": ""Microsoft 365 Personal (24か月版) / Office Home & Business 2024 オプション付"", ""display"": ""14.0型ワイド WUXGA"", ""cpu"": ""インテル® Core™ Ultra 7 プロセッサー 255U"", ""npu"": ""インテル® AI Boost (最大12TOPS)"", ""memory"": ""16GB LPDDR5X-8400"", ""ssd"": ""約512GB"", ""wireless"": ""Wi-Fi 7"", ""battery_life"": ""動画再生時:約7.0時間 / アイドル時:約18.0時間"", ""weight"": ""約634g""}"
富士通,ノートパソコン,FMV,Note U (U59-L1),UX-K3,FMVU59L1BA; FMVUASK1BA; FMVUX5K3BA; UA-K1; UX-K3,,はい,はい,世界最軽量モバイルノート 約634g | ハイスペックCopilot+ PC (最大47TOPS / 動画再生約15.5時間・アイドル約36.0時間 / 約848g),0.0,Windows 11 Home,Microsoft 365 Personal (24か月版) / Office Home & Business 2024,14.0型ワイド (狭額縁) 1920×1200ドット (WUXGA) タッチパネル式 ノングレア液晶 (高輝度・高色純度・広視野角),インテル® Core™ Ultra 5 プロセッサー 226V (Pコア最大4.5GHz / 低消費電力Eコア最大3.5GHz),インテル® AI Boost (最大40TOPS),インテル® Arc™ グラフィックス 130V,"16GB (LPDDR5X-8533, 増設・交換不可)",約512GB SSD (PCIe Gen4),"Wi-Fi 7 (5.76Gbps対応), Bluetooth®","Thunderbolt™ 4 USB4 (Gen3)×2 (USB Power Delivery対応, DisplayPort Alt Mode対応) / USB 3.2 (Gen1)×2 (うち1つは電源オフUSB充電機能付) / HDMI出力端子×1 / microSDメモリーカードスロット",14.5,34,308.8,209,15.8,908,"{""os"": ""Windows 11 Home"", ""office"": ""Microsoft 365 Basic + Office Home & Business 2024"", ""display"": ""14.0型ワイド WUXGA"", ""cpu"": ""インテル® Core™ Ultra 7 プロセッサー 258V"", ""npu"": ""インテル® AI Boost (最大47TOPS)"", ""memory"": ""32GB LPDDR5X-8533"", ""ssd"": ""約512GB"", ""wireless"": ""Wi-Fi 7"", ""battery_life"": ""動画再生時:約15.5時間 / アイドル時:約36.0時間"", ""weight"": ""約848g""} / {""os"": ""Windows 11 Home"", ""office"": ""Microsoft 365 Personal (24か月版) / Office Home & Business 2024 オプション付"", ""display"": ""14.0型ワイド WUXGA"", ""cpu"": ""インテル® Core™ Ultra 7 プロセッサー 255U"", ""npu"": ""インテル® AI Boost (最大12TOPS)"", ""memory"": ""16GB LPDDR5X-8400"", ""ssd"": ""約512GB"", ""wireless"": ""Wi-Fi 7"", ""battery_life"": ""動画再生時:約7.0時間 / アイドル時:約18.0時間"", ""weight"": ""約634g""} / {""os"": ""Windows 11 Home"", ""office"": ""Microsoft 365 Basic + Office Home & Business 2024"", ""display"": ""14.0型ワイド WUXGA"", ""cpu"": ""インテル® Core™ Ultra 7 プロセッサー 258V"", ""npu"": ""インテル® AI Boost (最大47TOPS)"", ""memory"": ""32GB LPDDR5X-8533"", ""ssd"": ""約512GB"", ""wireless"": ""Wi-Fi 7"", ""battery_life"": ""動画再生時:約15.5時間 / アイドル時:約36.0時間"", ""weight"": ""約848g""} / {""os"": ""Windows 11 Home"", ""office"": ""Microsoft 365 Personal (24か月版) / Office Home & Business 2024 オプション付"", ""display"": ""14.0型ワイド WUXGA"", ""cpu"": ""インテル® Core™ Ultra 7 プロセッサー 255U"", ""npu"": ""インテル® AI Boost (最大12TOPS)"", ""memory"": ""16GB LPDDR5X-8400"", ""ssd"": ""約512GB"", ""wireless"": ""Wi-Fi 7"", ""battery_life"": ""動画再生時:約7.0時間 / アイドル時:約18.0時間"", ""weight"": ""約634g""}"
富士通,ノートパソコン,FMV,Note (UX-K3),A79-L1,A79-L1; FMVUASK1BA; FMVUX5K3BA; UA-K1; UX-K3,大画面プレミアムノート,はい,いいえ,世界最軽量モバイルノート 約634g | ハイスペックCopilot+ PC (最大47TOPS / 動画再生約15.5時間・アイドル約36.0時間 / 約848g) | 大画面プレミアムノート (16.0型 AMD Ryzen AI 7搭載) Copilot+ PC対応,"0.0, 0.077, 0.241",Windows 11 Home,Microsoft 365 Personal (24か月版) / Office Home & Business 2024,14.0型ワイド (狭額縁) 1920×1200ドット (WUXGA) ノングレア液晶 (高輝度・高色純度・広視野角),インテル® Core™ Ultra 7 プロセッサー 255U (Pコア最大5.2GHz / 低消費電力コア最大2.4GHz),インテル® AI Boost (最大12TOPS),インテル® グラフィックス,"16GB (LPDDR5X-8400, 増設・交換不可)",約512GB SSD (PCIe Gen4),"Wi-Fi 7 (5.76Gbps対応), Bluetooth®","USB 3.2 (Gen2×2)×2 (USB Power Delivery対応, DisplayPort Alt Mode対応) / USB 3.2 (Gen1)×2 (うち1つは電源オフUSB充電機能付) / HDMI出力端子×1 / microSDメモリーカードスロット",7,18,308.8,209,16.3,634,"ライブキャプション / Windows 検索の改善 / リスタイルイメージ / 写真の超解像度 / Click to Do (プレビュー) / コクリエーター / 生成フィル / リコール (プレビュー) / ライブキャプション / Windows 検索の改善 / リスタイルイメージ / 写真の超解像度 / Click to Do (プレビュー) / コクリエーター / 生成フィル / リコール (プレビュー) / {""os"": ""Windows 11 Home"", ""office"": ""Microsoft 365 Basic + Office Home & Business 2024"", ""display"": ""14.0型ワイド WUXGA"", ""cpu"": ""インテル® Core™ Ultra 7 プロセッサー 258V"", ""npu"": ""インテル® AI Boost (最大47TOPS)"", ""memory"": ""32GB LPDDR5X-8533"", ""ssd"": ""約512GB"", ""wireless"": ""Wi-Fi 7"", ""battery_life"": ""動画再生時:約15.5時間 / アイドル時:約36.0時間"", ""weight"": ""約848g""} / {""os"": ""Windows 11 Home"", ""office"": ""Microsoft 365 Personal (24か月版) / Office Home & Business 2024 オプション付"", ""display"": ""14.0型ワイド WUXGA"", ""cpu"": ""インテル® Core™ Ultra 7 プロセッサー 255U"", ""npu"": ""インテル® AI Boost (最大12TOPS)"", ""memory"": ""16GB LPDDR5X-8400"", ""ssd"": ""約512GB"", ""wireless"": ""Wi-Fi 7"", ""battery_life"": ""動画再生時:約7.0時間 / アイドル時:約18.0時間"", ""weight"": ""約634g""} / {""os"": ""Windows 11 Home"", ""office"": ""Microsoft 365 Basic + Office Home & Business 2024"", ""display"": ""14.0型ワイド WUXGA"", ""cpu"": ""インテル® Core™ Ultra 7 プロセッサー 258V"", ""npu"": ""インテル® AI Boost (最大47TOPS)"", ""memory"": ""32GB LPDDR5X-8533"", ""ssd"": ""約512GB"", ""wireless"": ""Wi-Fi 7"", ""battery_life"": ""動画再生時:約15.5時間 / アイドル時:約36.0時間"", ""weight"": ""約848g""} / {""os"": ""Windows 11 Home"", ""office"": ""Microsoft 365 Personal (24か月版) / Office Home & Business 2024 オプション付"", ""display"": ""14.0型ワイド WUXGA"", ""cpu"": ""インテル® Core™ Ultra 7 プロセッサー 255U"", ""npu"": ""インテル® AI Boost (最大12TOPS)"", ""memory"": ""16GB LPDDR5X-8400"", ""ssd"": ""約512GB"", ""wireless"": ""Wi-Fi 7"", ""battery_life"": ""動画再生時:約7.0時間 / アイドル時:約18.0時間"", ""weight"": ""約634g""}"
富士通,ノートパソコン,FMV,Note (UX-K3),FMVUASK1BA,A79-L1; FMVUASK1BA; FMVUX5K3BA; UA-K1; UX-K3,大画面プレミアムノート,はい,いいえ,世界最軽量モバイルノート 約634g | ハイスペックCopilot+ PC (最大47TOPS / 動画再生約15.5時間・アイドル約36.0時間 / 約848g) | 大画面プレミアムノート (16.0型 AMD Ryzen AI 7搭載) Copilot+ PC対応,"0.0, 0.077, 0.241",Windows 11 Home,Microsoft 365 Personal (24か月版) / Office Home & Business 2024,14.0型ワイド (狭額縁) 1920×1200ドット (WUXGA) ノングレア液晶 (高輝度・高色純度・広視野角),インテル® Core™ Ultra 7 プロセッサー 255U (Pコア最大5.2GHz / 低消費電力コア最大2.4GHz),インテル® AI Boost (最大12TOPS),インテル® グラフィックス,"16GB (LPDDR5X-8400, 増設・交換不可)",約512GB SSD (PCIe Gen4),"Wi-Fi 7 (5.76Gbps対応), Bluetooth®","USB 3.2 (Gen2×2)×2 (USB Power Delivery対応, DisplayPort Alt Mode対応) / USB 3.2 (Gen1)×2 (うち1つは電源オフUSB充電機能付) / HDMI出力端子×1 / microSDメモリーカードスロット",7,18,308.8,209,16.3,634,"ライブキャプション / Windows 検索の改善 / リスタイルイメージ / 写真の超解像度 / Click to Do (プレビュー) / コクリエーター / 生成フィル / リコール (プレビュー) / ライブキャプション / Windows 検索の改善 / リスタイルイメージ / 写真の超解像度 / Click to Do (プレビュー) / コクリエーター / 生成フィル / リコール (プレビュー) / {""os"": ""Windows 11 Home"", ""office"": ""Microsoft 365 Basic + Office Home & Business 2024"", ""display"": ""14.0型ワイド WUXGA"", ""cpu"": ""インテル® Core™ Ultra 7 プロセッサー 258V"", ""npu"": ""インテル® AI Boost (最大47TOPS)"", ""memory"": ""32GB LPDDR5X-8533"", ""ssd"": ""約512GB"", ""wireless"": ""Wi-Fi 7"", ""battery_life"": ""動画再生時:約15.5時間 / アイドル時:約36.0時間"", ""weight"": ""約848g""} / {""os"": ""Windows 11 Home"", ""office"": ""Microsoft 365 Personal (24か月版) / Office Home & Business 2024 オプション付"", ""display"": ""14.0型ワイド WUXGA"", ""cpu"": ""インテル® Core™ Ultra 7 プロセッサー 255U"", ""npu"": ""インテル® AI Boost (最大12TOPS)"", ""memory"": ""16GB LPDDR5X-8400"", ""ssd"": ""約512GB"", ""wireless"": ""Wi-Fi 7"", ""battery_life"": ""動画再生時:約7.0時間 / アイドル時:約18.0時間"", ""weight"": ""約634g""} / {""os"": ""Windows 11 Home"", ""office"": ""Microsoft 365 Basic + Office Home & Business 2024"", ""display"": ""14.0型ワイド WUXGA"", ""cpu"": ""インテル® Core™ Ultra 7 プロセッサー 258V"", ""npu"": ""インテル® AI Boost (最大47TOPS)"", ""memory"": ""32GB LPDDR5X-8533"", ""ssd"": ""約512GB"", ""wireless"": ""Wi-Fi 7"", ""battery_life"": ""動画再生時:約15.5時間 / アイドル時:約36.0時間"", ""weight"": ""約848g""} / {""os"": ""Windows 11 Home"", ""office"": ""Microsoft 365 Personal (24か月版) / Office Home & Business 2024 オプション付"", ""display"": ""14.0型ワイド WUXGA"", ""cpu"": ""インテル® Core™ Ultra 7 プロセッサー 255U"", ""npu"": ""インテル® AI Boost (最大12TOPS)"", ""memory"": ""16GB LPDDR5X-8400"", ""ssd"": ""約512GB"", ""wireless"": ""Wi-Fi 7"", ""battery_life"": ""動画再生時:約7.0時間 / アイドル時:約18.0時間"", ""weight"": ""約634g""}"
富士通,ノートパソコン,FMV,Note (UX-K3),FMVUX5K3BA,A79-L1; FMVUASK1BA; FMVUX5K3BA; UA-K1; UX-K3,大画面プレミアムノート,はい,いいえ,世界最軽量モバイルノート 約634g | ハイスペックCopilot+ PC (最大47TOPS / 動画再生約15.5時間・アイドル約36.0時間 / 約848g) | 大画面プレミアムノート (16.0型 AMD Ryzen AI 7搭載) Copilot+ PC対応,"0.0, 0.077, 0.241",Windows 11 Home,Microsoft 365 Personal (24か月版) / Office Home & Business 2024,14.0型ワイド (狭額縁) 1920×1200ドット (WUXGA) ノングレア液晶 (高輝度・高色純度・広視野角),インテル® Core™ Ultra 7 プロセッサー 255U (Pコア最大5.2GHz / 低消費電力コア最大2.4GHz),インテル® AI Boost (最大12TOPS),インテル® グラフィックス,"16GB (LPDDR5X-8400, 増設・交換不可)",約512GB SSD (PCIe Gen4),"Wi-Fi 7 (5.76Gbps対応), Bluetooth®","USB 3.2 (Gen2×2)×2 (USB Power Delivery対応, DisplayPort Alt Mode対応) / USB 3.2 (Gen1)×2 (うち1つは電源オフUSB充電機能付) / HDMI出力端子×1 / microSDメモリーカードスロット",7,18,308.8,209,16.3,634,"ライブキャプション / Windows 検索の改善 / リスタイルイメージ / 写真の超解像度 / Click to Do (プレビュー) / コクリエーター / 生成フィル / リコール (プレビュー) / ライブキャプション / Windows 検索の改善 / リスタイルイメージ / 写真の超解像度 / Click to Do (プレビュー) / コクリエーター / 生成フィル / リコール (プレビュー) / {""os"": ""Windows 11 Home"", ""office"": ""Microsoft 365 Basic + Office Home & Business 2024"", ""display"": ""14.0型ワイド WUXGA"", ""cpu"": ""インテル® Core™ Ultra 7 プロセッサー 258V"", ""npu"": ""インテル® AI Boost (最大47TOPS)"", ""memory"": ""32GB LPDDR5X-8533"", ""ssd"": ""約512GB"", ""wireless"": ""Wi-Fi 7"", ""battery_life"": ""動画再生時:約15.5時間 / アイドル時:約36.0時間"", ""weight"": ""約848g""} / {""os"": ""Windows 11 Home"", ""office"": ""Microsoft 365 Personal (24か月版) / Office Home & Business 2024 オプション付"", ""display"": ""14.0型ワイド WUXGA"", ""cpu"": ""インテル® Core™ Ultra 7 プロセッサー 255U"", ""npu"": ""インテル® AI Boost (最大12TOPS)"", ""memory"": ""16GB LPDDR5X-8400"", ""ssd"": ""約512GB"", ""wireless"": ""Wi-Fi 7"", ""battery_life"": ""動画再生時:約7.0時間 / アイドル時:約18.0時間"", ""weight"": ""約634g""} / {""os"": ""Windows 11 Home"", ""office"": ""Microsoft 365 Basic + Office Home & Business 2024"", ""display"": ""14.0型ワイド WUXGA"", ""cpu"": ""インテル® Core™ Ultra 7 プロセッサー 258V"", ""npu"": ""インテル® AI Boost (最大47TOPS)"", ""memory"": ""32GB LPDDR5X-8533"", ""ssd"": ""約512GB"", ""wireless"": ""Wi-Fi 7"", ""battery_life"": ""動画再生時:約15.5時間 / アイドル時:約36.0時間"", ""weight"": ""約848g""} / {""os"": ""Windows 11 Home"", ""office"": ""Microsoft 365 Personal (24か月版) / Office Home & Business 2024 オプション付"", ""display"": ""14.0型ワイド WUXGA"", ""cpu"": ""インテル® Core™ Ultra 7 プロセッサー 255U"", ""npu"": ""インテル® AI Boost (最大12TOPS)"", ""memory"": ""16GB LPDDR5X-8400"", ""ssd"": ""約512GB"", ""wireless"": ""Wi-Fi 7"", ""battery_life"": ""動画再生時:約7.0時間 / アイドル時:約18.0時間"", ""weight"": ""約634g""}"
富士通,ノートパソコン,FMV,Note (UX-K3),UA-K1,A79-L1; FMVUASK1BA; FMVUX5K3BA; UA-K1; UX-K3,大画面プレミアムノート,はい,いいえ,世界最軽量モバイルノート 約634g | ハイスペックCopilot+ PC (最大47TOPS / 動画再生約15.5時間・アイドル約36.0時間 / 約848g) | 大画面プレミアムノート (16.0型 AMD Ryzen AI 7搭載) Copilot+ PC対応,"0.0, 0.077, 0.241",Windows 11 Home,Microsoft 365 Personal (24か月版) / Office Home & Business 2024,14.0型ワイド (狭額縁) 1920×1200ドット (WUXGA) ノングレア液晶 (高輝度・高色純度・広視野角),インテル® Core™ Ultra 7 プロセッサー 255U (Pコア最大5.2GHz / 低消費電力コア最大2.4GHz),インテル® AI Boost (最大12TOPS),インテル® グラフィックス,"16GB (LPDDR5X-8400, 増設・交換不可)",約512GB SSD (PCIe Gen4),"Wi-Fi 7 (5.76Gbps対応), Bluetooth®","USB 3.2 (Gen2×2)×2 (USB Power Delivery対応, DisplayPort Alt Mode対応) / USB 3.2 (Gen1)×2 (うち1つは電源オフUSB充電機能付) / HDMI出力端子×1 / microSDメモリーカードスロット",7,18,308.8,209,16.3,634,"ライブキャプション / Windows 検索の改善 / リスタイルイメージ / 写真の超解像度 / Click to Do (プレビュー) / コクリエーター / 生成フィル / リコール (プレビュー) / ライブキャプション / Windows 検索の改善 / リスタイルイメージ / 写真の超解像度 / Click to Do (プレビュー) / コクリエーター / 生成フィル / リコール (プレビュー) / {""os"": ""Windows 11 Home"", ""office"": ""Microsoft 365 Basic + Office Home & Business 2024"", ""display"": ""14.0型ワイド WUXGA"", ""cpu"": ""インテル® Core™ Ultra 7 プロセッサー 258V"", ""npu"": ""インテル® AI Boost (最大47TOPS)"", ""memory"": ""32GB LPDDR5X-8533"", ""ssd"": ""約512GB"", ""wireless"": ""Wi-Fi 7"", ""battery_life"": ""動画再生時:約15.5時間 / アイドル時:約36.0時間"", ""weight"": ""約848g""} / {""os"": ""Windows 11 Home"", ""office"": ""Microsoft 365 Personal (24か月版) / Office Home & Business 2024 オプション付"", ""display"": ""14.0型ワイド WUXGA"", ""cpu"": ""インテル® Core™ Ultra 7 プロセッサー 255U"", ""npu"": ""インテル® AI Boost (最大12TOPS)"", ""memory"": ""16GB LPDDR5X-8400"", ""ssd"": ""約512GB"", ""wireless"": ""Wi-Fi 7"", ""battery_life"": ""動画再生時:約7.0時間 / アイドル時:約18.0時間"", ""weight"": ""約634g""} / {""os"": ""Windows 11 Home"", ""office"": ""Microsoft 365 Basic + Office Home & Business 2024"", ""display"": ""14.0型ワイド WUXGA"", ""cpu"": ""インテル® Core™ Ultra 7 プロセッサー 258V"", ""npu"": ""インテル® AI Boost (最大47TOPS)"", ""memory"": ""32GB LPDDR5X-8533"", ""ssd"": ""約512GB"", ""wireless"": ""Wi-Fi 7"", ""battery_life"": ""動画再生時:約15.5時間 / アイドル時:約36.0時間"", ""weight"": ""約848g""} / {""os"": ""Windows 11 Home"", ""office"": ""Microsoft 365 Personal (24か月版) / Office Home & Business 2024 オプション付"", ""display"": ""14.0型ワイド WUXGA"", ""cpu"": ""インテル® Core™ Ultra 7 プロセッサー 255U"", ""npu"": ""インテル® AI Boost (最大12TOPS)"", ""memory"": ""16GB LPDDR5X-8400"", ""ssd"": ""約512GB"", ""wireless"": ""Wi-Fi 7"", ""battery_life"": ""動画再生時:約7.0時間 / アイドル時:約18.0時間"", ""weight"": ""約634g""}"
富士通,ノートパソコン,FMV,Note (UX-K3),UX-K3,A79-L1; FMVUASK1BA; FMVUX5K3BA; UA-K1; UX-K3,大画面プレミアムノート,はい,いいえ,世界最軽量モバイルノート 約634g | ハイスペックCopilot+ PC (最大47TOPS / 動画再生約15.5時間・アイドル約36.0時間 / 約848g) | 大画面プレミアムノート (16.0型 AMD Ryzen AI 7搭載) Copilot+ PC対応,"0.0, 0.077, 0.241",Windows 11 Home,Microsoft 365 Personal (24か月版) / Office Home & Business 2024,14.0型ワイド (狭額縁) 1920×1200ドット (WUXGA) ノングレア液晶 (高輝度・高色純度・広視野角),インテル® Core™ Ultra 7 プロセッサー 255U (Pコア最大5.2GHz / 低消費電力コア最大2.4GHz),インテル® AI Boost (最大12TOPS),インテル® グラフィックス,"16GB (LPDDR5X-8400, 増設・交換不可)",約512GB SSD (PCIe Gen4),"Wi-Fi 7 (5.76Gbps対応), Bluetooth®","USB 3.2 (Gen2×2)×2 (USB Power Delivery対応, DisplayPort Alt Mode対応) / USB 3.2 (Gen1)×2 (うち1つは電源オフUSB充電機能付) / HDMI出力端子×1 / microSDメモリーカードスロット",7,18,308.8,209,16.3,634,"ライブキャプション / Windows 検索の改善 / リスタイルイメージ / 写真の超解像度 / Click to Do (プレビュー) / コクリエーター / 生成フィル / リコール (プレビュー) / ライブキャプション / Windows 検索の改善 / リスタイルイメージ / 写真の超解像度 / Click to Do (プレビュー) / コクリエーター / 生成フィル / リコール (プレビュー) / {""os"": ""Windows 11 Home"", ""office"": ""Microsoft 365 Basic + Office Home & Business 2024"", ""display"": ""14.0型ワイド WUXGA"", ""cpu"": ""インテル® Core™ Ultra 7 プロセッサー 258V"", ""npu"": ""インテル® AI Boost (最大47TOPS)"", ""memory"": ""32GB LPDDR5X-8533"", ""ssd"": ""約512GB"", ""wireless"": ""Wi-Fi 7"", ""battery_life"": ""動画再生時:約15.5時間 / アイドル時:約36.0時間"", ""weight"": ""約848g""} / {""os"": ""Windows 11 Home"", ""office"": ""Microsoft 365 Personal (24か月版) / Office Home & Business 2024 オプション付"", ""display"": ""14.0型ワイド WUXGA"", ""cpu"": ""インテル® Core™ Ultra 7 プロセッサー 255U"", ""npu"": ""インテル® AI Boost (最大12TOPS)"", ""memory"": ""16GB LPDDR5X-8400"", ""ssd"": ""約512GB"", ""wireless"": ""Wi-Fi 7"", ""battery_life"": ""動画再生時:約7.0時間 / アイドル時:約18.0時間"", ""weight"": ""約634g""} / {""os"": ""Windows 11 Home"", ""office"": ""Microsoft 365 Basic + Office Home & Business 2024"", ""display"": ""14.0型ワイド WUXGA"", ""cpu"": ""インテル® Core™ Ultra 7 プロセッサー 258V"", ""npu"": ""インテル® AI Boost (最大47TOPS)"", ""memory"": ""32GB LPDDR5X-8533"", ""ssd"": ""約512GB"", ""wireless"": ""Wi-Fi 7"", ""battery_life"": ""動画再生時:約15.5時間 / アイドル時:約36.0時間"", ""weight"": ""約848g""} / {""os"": ""Windows 11 Home"", ""office"": ""Microsoft 365 Personal (24か月版) / Office Home & Business 2024 オプション付"", ""display"": ""14.0型ワイド WUXGA"", ""cpu"": ""インテル® Core™ Ultra 7 プロセッサー 255U"", ""npu"": ""インテル® AI Boost (最大12TOPS)"", ""memory"": ""16GB LPDDR5X-8400"", ""ssd"": ""約512GB"", ""wireless"": ""Wi-Fi 7"", ""battery_life"": ""動画再生時:約7.0時間 / アイドル時:約18.0時間"", ""weight"": ""約634g""}"
富士通,ノートパソコン,FMV,Note U (U77-K3),FMVU77K3BA,FMVU77K3BA; FMVU77K3HA; FMVU77K3WA; FMVUASK1BA; FMVUX5K3BA; UA-K1; UX-K3,,いいえ,はい,世界最軽量モバイルノート 約634g | ハイスペックCopilot+ PC (最大47TOPS / 動画再生約15.5時間・アイドル約36.0時間 / 約848g),0.0,Windows 11 Home,Microsoft 365 Personal (24か月版) / Office Home & Business 2024,14.0型ワイド (狭額縁) 1920×1200ドット (WUXGA) ノングレア液晶 (高輝度・高色純度・広視野角),"インテル® Core™ Ultra 7 プロセッサー 155H (16コア/22スレッド, Pコア最大4.8GHz)",インテル® AI Boost (最大11TOPS),インテル® Arc™ グラフィックス,"16GB (LPDDR5X-7467, 増設・交換不可)",約512GB SSD (PCIe Gen4),"Wi-Fi 7 (5.76Gbps対応), Bluetooth®","Thunderbolt™ 4 USB4 (Gen3)×2 (USB Power Delivery対応, DisplayPort Alt Mode対応) / USB 3.2 (Gen1)×2 (うち1つは電源オフUSB充電機能付) / HDMI出力端子×1",13.5,35,308.8,209,16.3,869,"{""os"": ""Windows 11 Home"", ""office"": ""Microsoft 365 Basic + Office Home & Business 2024"", ""display"": ""14.0型ワイド WUXGA"", ""cpu"": ""インテル® Core™ Ultra 7 プロセッサー 258V"", ""npu"": ""インテル® AI Boost (最大47TOPS)"", ""memory"": ""32GB LPDDR5X-8533"", ""ssd"": ""約512GB"", ""wireless"": ""Wi-Fi 7"", ""battery_life"": ""動画再生時:約15.5時間 / アイドル時:約36.0時間"", ""weight"": ""約848g""} / {""os"": ""Windows 11 Home"", ""office"": ""Microsoft 365 Personal (24か月版) / Office Home & Business 2024 オプション付"", ""display"": ""14.0型ワイド WUXGA"", ""cpu"": ""インテル® Core™ Ultra 7 プロセッサー 255U"", ""npu"": ""インテル® AI Boost (最大12TOPS)"", ""memory"": ""16GB LPDDR5X-8400"", ""ssd"": ""約512GB"", ""wireless"": ""Wi-Fi 7"", ""battery_life"": ""動画再生時:約7.0時間 / アイドル時:約18.0時間"", ""weight"": ""約634g""} / {""os"": ""Windows 11 Home"", ""office"": ""Microsoft 365 Basic + Office Home & Business 2024"", ""display"": ""14.0型ワイド WUXGA"", ""cpu"": ""インテル® Core™ Ultra 7 プロセッサー 258V"", ""npu"": ""インテル® AI Boost (最大47TOPS)"", ""memory"": ""32GB LPDDR5X-8533"", ""ssd"": ""約512GB"", ""wireless"": ""Wi-Fi 7"", ""battery_life"": ""動画再生時:約15.5時間 / アイドル時:約36.0時間"", ""weight"": ""約848g""} / {""os"": ""Windows 11 Home"", ""office"": ""Microsoft 365 Personal (24か月版) / Office Home & Business 2024 オプション付"", ""display"": ""14.0型ワイド WUXGA"", ""cpu"": ""インテル® Core™ Ultra 7 プロセッサー 255U"", ""npu"": ""インテル® AI Boost (最大12TOPS)"", ""memory"": ""16GB LPDDR5X-8400"", ""ssd"": ""約512GB"", ""wireless"": ""Wi-Fi 7"", ""battery_life"": ""動画再生時:約7.0時間 / アイドル時:約18.0時間"", ""weight"": ""約634g""}"
富士通,ノートパソコン,FMV,Note U (U77-K3),FMVU77K3HA,FMVU77K3BA; FMVU77K3HA; FMVU77K3WA; FMVUASK1BA; FMVUX5K3BA; UA-K1; UX-K3,,いいえ,はい,世界最軽量モバイルノート 約634g | ハイスペックCopilot+ PC (最大47TOPS / 動画再生約15.5時間・アイドル約36.0時間 / 約848g),0.0,Windows 11 Home,Microsoft 365 Personal (24か月版) / Office Home & Business 2024,14.0型ワイド (狭額縁) 1920×1200ドット (WUXGA) ノングレア液晶 (高輝度・高色純度・広視野角),"インテル® Core™ Ultra 7 プロセッサー 155H (16コア/22スレッド, Pコア最大4.8GHz)",インテル® AI Boost (最大11TOPS),インテル® Arc™ グラフィックス,"16GB (LPDDR5X-7467, 増設・交換不可)",約512GB SSD (PCIe Gen4),"Wi-Fi 7 (5.76Gbps対応), Bluetooth®","Thunderbolt™ 4 USB4 (Gen3)×2 (USB Power Delivery対応, DisplayPort Alt Mode対応) / USB 3.2 (Gen1)×2 (うち1つは電源オフUSB充電機能付) / HDMI出力端子×1",13.5,35,308.8,209,16.3,869,"{""os"": ""Windows 11 Home"", ""office"": ""Microsoft 365 Basic + Office Home & Business 2024"", ""display"": ""14.0型ワイド WUXGA"", ""cpu"": ""インテル® Core™ Ultra 7 プロセッサー 258V"", ""npu"": ""インテル® AI Boost (最大47TOPS)"", ""memory"": ""32GB LPDDR5X-8533"", ""ssd"": ""約512GB"", ""wireless"": ""Wi-Fi 7"", ""battery_life"": ""動画再生時:約15.5時間 / アイドル時:約36.0時間"", ""weight"": ""約848g""} / {""os"": ""Windows 11 Home"", ""office"": ""Microsoft 365 Personal (24か月版) / Office Home & Business 2024 オプション付"", ""display"": ""14.0型ワイド WUXGA"", ""cpu"": ""インテル® Core™ Ultra 7 プロセッサー 255U"", ""npu"": ""インテル® AI Boost (最大12TOPS)"", ""memory"": ""16GB LPDDR5X-8400"", ""ssd"": ""約512GB"", ""wireless"": ""Wi-Fi 7"", ""battery_life"": ""動画再生時:約7.0時間 / アイドル時:約18.0時間"", ""weight"": ""約634g""} / {""os"": ""Windows 11 Home"", ""office"": ""Microsoft 365 Basic + Office Home & Business 2024"", ""display"": ""14.0型ワイド WUXGA"", ""cpu"": ""インテル® Core™ Ultra 7 プロセッサー 258V"", ""npu"": ""インテル® AI Boost (最大47TOPS)"", ""memory"": ""32GB LPDDR5X-8533"", ""ssd"": ""約512GB"", ""wireless"": ""Wi-Fi 7"", ""battery_life"": ""動画再生時:約15.5時間 / アイドル時:約36.0時間"", ""weight"": ""約848g""} / {""os"": ""Windows 11 Home"", ""office"": ""Microsoft 365 Personal (24か月版) / Office Home & Business 2024 オプション付"", ""display"": ""14.0型ワイド WUXGA"", ""cpu"": ""インテル® Core™ Ultra 7 プロセッサー 255U"", ""npu"": ""インテル® AI Boost (最大12TOPS)"", ""memory"": ""16GB LPDDR5X-8400"", ""ssd"": ""約512GB"", ""wireless"": ""Wi-Fi 7"", ""battery_life"": ""動画再生時:約7.0時間 / アイドル時:約18.0時間"", ""weight"": ""約634g""}"
富士通,ノートパソコン,FMV,Note U (U77-K3),FMVU77K3WA,FMVU77K3BA; FMVU77K3HA; FMVU77K3WA; FMVUASK1BA; FMVUX5K3BA; UA-K1; UX-K3,,いいえ,はい,世界最軽量モバイルノート 約634g | ハイスペックCopilot+ PC (最大47TOPS / 動画再生約15.5時間・アイドル約36.0時間 / 約848g),0.0,Windows 11 Home,Microsoft 365 Personal (24か月版) / Office Home & Business 2024,14.0型ワイド (狭額縁) 1920×1200ドット (WUXGA) ノングレア液晶 (高輝度・高色純度・広視野角),"インテル® Core™ Ultra 7 プロセッサー 155H (16コア/22スレッド, Pコア最大4.8GHz)",インテル® AI Boost (最大11TOPS),インテル® Arc™ グラフィックス,"16GB (LPDDR5X-7467, 増設・交換不可)",約512GB SSD (PCIe Gen4),"Wi-Fi 7 (5.76Gbps対応), Bluetooth®","Thunderbolt™ 4 USB4 (Gen3)×2 (USB Power Delivery対応, DisplayPort Alt Mode対応) / USB 3.2 (Gen1)×2 (うち1つは電源オフUSB充電機能付) / HDMI出力端子×1",13.5,35,308.8,209,16.3,869,"{""os"": ""Windows 11 Home"", ""office"": ""Microsoft 365 Basic + Office Home & Business 2024"", ""display"": ""14.0型ワイド WUXGA"", ""cpu"": ""インテル® Core™ Ultra 7 プロセッサー 258V"", ""npu"": ""インテル® AI Boost (最大47TOPS)"", ""memory"": ""32GB LPDDR5X-8533"", ""ssd"": ""約512GB"", ""wireless"": ""Wi-Fi 7"", ""battery_life"": ""動画再生時:約15.5時間 / アイドル時:約36.0時間"", ""weight"": ""約848g""} / {""os"": ""Windows 11 Home"", ""office"": ""Microsoft 365 Personal (24か月版) / Office Home & Business 2024 オプション付"", ""display"": ""14.0型ワイド WUXGA"", ""cpu"": ""インテル® Core™ Ultra 7 プロセッサー 255U"", ""npu"": ""インテル® AI Boost (最大12TOPS)"", ""memory"": ""16GB LPDDR5X-8400"", ""ssd"": ""約512GB"", ""wireless"": ""Wi-Fi 7"", ""battery_life"": ""動画再生時:約7.0時間 / アイドル時:約18.0時間"", ""weight"": ""約634g""} / {""os"": ""Windows 11 Home"", ""office"": ""Microsoft 365 Basic + Office Home & Business 2024"", ""display"": ""14.0型ワイド WUXGA"", ""cpu"": ""インテル® Core™ Ultra 7 プロセッサー 258V"", ""npu"": ""インテル® AI Boost (最大47TOPS)"", ""memory"": ""32GB LPDDR5X-8533"", ""ssd"": ""約512GB"", ""wireless"": ""Wi-Fi 7"", ""battery_life"": ""動画再生時:約15.5時間 / アイドル時:約36.0時間"", ""weight"": ""約848g""} / {""os"": ""Windows 11 Home"", ""office"": ""Microsoft 365 Personal (24か月版) / Office Home & Business 2024 オプション付"", ""display"": ""14.0型ワイド WUXGA"", ""cpu"": ""インテル® Core™ Ultra 7 プロセッサー 255U"", ""npu"": ""インテル® AI Boost (最大12TOPS)"", ""memory"": ""16GB LPDDR5X-8400"", ""ssd"": ""約512GB"", ""wireless"": ""Wi-Fi 7"", ""battery_life"": ""動画再生時:約7.0時間 / アイドル時:約18.0時間"", ""weight"": ""約634g""}"
富士通,ノートパソコン,FMV,Note U (U77-K3),FMVUASK1BA,FMVU77K3BA; FMVU77K3HA; FMVU77K3WA; FMVUASK1BA; FMVUX5K3BA; UA-K1; UX-K3,,いいえ,はい,世界最軽量モバイルノート 約634g | ハイスペックCopilot+ PC (最大47TOPS / 動画再生約15.5時間・アイドル約36.0時間 / 約848g),0.0,Windows 11 Home,Microsoft 365 Personal (24か月版) / Office Home & Business 2024,14.0型ワイド (狭額縁) 1920×1200ドット (WUXGA) ノングレア液晶 (高輝度・高色純度・広視野角),"インテル® Core™ Ultra 7 プロセッサー 155H (16コア/22スレッド, Pコア最大4.8GHz)",インテル® AI Boost (最大11TOPS),インテル® Arc™ グラフィックス,"16GB (LPDDR5X-7467, 増設・交換不可)",約512GB SSD (PCIe Gen4),"Wi-Fi 7 (5.76Gbps対応), Bluetooth®","Thunderbolt™ 4 USB4 (Gen3)×2 (USB Power Delivery対応, DisplayPort Alt Mode対応) / USB 3.2 (Gen1)×2 (うち1つは電源オフUSB充電機能付) / HDMI出力端子×1",13.5,35,308.8,209,16.3,869,"{""os"": ""Windows 11 Home"", ""office"": ""Microsoft 365 Basic + Office Home & Business 2024"", ""display"": ""14.0型ワイド WUXGA"", ""cpu"": ""インテル® Core™ Ultra 7 プロセッサー 258V"", ""npu"": ""インテル® AI Boost (最大47TOPS)"", ""memory"": ""32GB LPDDR5X-8533"", ""ssd"": ""約512GB"", ""wireless"": ""Wi-Fi 7"", ""battery_life"": ""動画再生時:約15.5時間 / アイドル時:約36.0時間"", ""weight"": ""約848g""} / {""os"": ""Windows 11 Home"", ""office"": ""Microsoft 365 Personal (24か月版) / Office Home & Business 2024 オプション付"", ""display"": ""14.0型ワイド WUXGA"", ""cpu"": ""インテル® Core™ Ultra 7 プロセッサー 255U"", ""npu"": ""インテル® AI Boost (最大12TOPS)"", ""memory"": ""16GB LPDDR5X-8400"", ""ssd"": ""約512GB"", ""wireless"": ""Wi-Fi 7"", ""battery_life"": ""動画再生時:約7.0時間 / アイドル時:約18.0時間"", ""weight"": ""約634g""} / {""os"": ""Windows 11 Home"", ""office"": ""Microsoft 365 Basic + Office Home & Business 2024"", ""display"": ""14.0型ワイド WUXGA"", ""cpu"": ""インテル® Core™ Ultra 7 プロセッサー 258V"", ""npu"": ""インテル® AI Boost (最大47TOPS)"", ""memory"": ""32GB LPDDR5X-8533"", ""ssd"": ""約512GB"", ""wireless"": ""Wi-Fi 7"", ""battery_life"": ""動画再生時:約15.5時間 / アイドル時:約36.0時間"", ""weight"": ""約848g""} / {""os"": ""Windows 11 Home"", ""office"": ""Microsoft 365 Personal (24か月版) / Office Home & Business 2024 オプション付"", ""display"": ""14.0型ワイド WUXGA"", ""cpu"": ""インテル® Core™ Ultra 7 プロセッサー 255U"", ""npu"": ""インテル® AI Boost (最大12TOPS)"", ""memory"": ""16GB LPDDR5X-8400"", ""ssd"": ""約512GB"", ""wireless"": ""Wi-Fi 7"", ""battery_life"": ""動画再生時:約7.0時間 / アイドル時:約18.0時間"", ""weight"": ""約634g""}"
富士通,ノートパソコン,FMV,Note U (U77-K3),FMVUX5K3BA,FMVU77K3BA; FMVU77K3HA; FMVU77K3WA; FMVUASK1BA; FMVUX5K3BA; UA-K1; UX-K3,,いいえ,はい,世界最軽量モバイルノート 約634g | ハイスペックCopilot+ PC (最大47TOPS / 動画再生約15.5時間・アイドル約36.0時間 / 約848g),0.0,Windows 11 Home,Microsoft 365 Personal (24か月版) / Office Home & Business 2024,14.0型ワイド (狭額縁) 1920×1200ドット (WUXGA) ノングレア液晶 (高輝度・高色純度・広視野角),"インテル® Core™ Ultra 7 プロセッサー 155H (16コア/22スレッド, Pコア最大4.8GHz)",インテル® AI Boost (最大11TOPS),インテル® Arc™ グラフィックス,"16GB (LPDDR5X-7467, 増設・交換不可)",約512GB SSD (PCIe Gen4),"Wi-Fi 7 (5.76Gbps対応), Bluetooth®","Thunderbolt™ 4 USB4 (Gen3)×2 (USB Power Delivery対応, DisplayPort Alt Mode対応) / USB 3.2 (Gen1)×2 (うち1つは電源オフUSB充電機能付) / HDMI出力端子×1",13.5,35,308.8,209,16.3,869,"{""os"": ""Windows 11 Home"", ""office"": ""Microsoft 365 Basic + Office Home & Business 2024"", ""display"": ""14.0型ワイド WUXGA"", ""cpu"": ""インテル® Core™ Ultra 7 プロセッサー 258V"", ""npu"": ""インテル® AI Boost (最大47TOPS)"", ""memory"": ""32GB LPDDR5X-8533"", ""ssd"": ""約512GB"", ""wireless"": ""Wi-Fi 7"", ""battery_life"": ""動画再生時:約15.5時間 / アイドル時:約36.0時間"", ""weight"": ""約848g""} / {""os"": ""Windows 11 Home"", ""office"": ""Microsoft 365 Personal (24か月版) / Office Home & Business 2024 オプション付"", ""display"": ""14.0型ワイド WUXGA"", ""cpu"": ""インテル® Core™ Ultra 7 プロセッサー 255U"", ""npu"": ""インテル® AI Boost (最大12TOPS)"", ""memory"": ""16GB LPDDR5X-8400"", ""ssd"": ""約512GB"", ""wireless"": ""Wi-Fi 7"", ""battery_life"": ""動画再生時:約7.0時間 / アイドル時:約18.0時間"", ""weight"": ""約634g""} / {""os"": ""Windows 11 Home"", ""office"": ""Microsoft 365 Basic + Office Home & Business 2024"", ""display"": ""14.0型ワイド WUXGA"", ""cpu"": ""インテル® Core™ Ultra 7 プロセッサー 258V"", ""npu"": ""インテル® AI Boost (最大47TOPS)"", ""memory"": ""32GB LPDDR5X-8533"", ""ssd"": ""約512GB"", ""wireless"": ""Wi-Fi 7"", ""battery_life"": ""動画再生時:約15.5時間 / アイドル時:約36.0時間"", ""weight"": ""約848g""} / {""os"": ""Windows 11 Home"", ""office"": ""Microsoft 365 Personal (24か月版) / Office Home & Business 2024 オプション付"", ""display"": ""14.0型ワイド WUXGA"", ""cpu"": ""インテル® Core™ Ultra 7 プロセッサー 255U"", ""npu"": ""インテル® AI Boost (最大12TOPS)"", ""memory"": ""16GB LPDDR5X-8400"", ""ssd"": ""約512GB"", ""wireless"": ""Wi-Fi 7"", ""battery_life"": ""動画再生時:約7.0時間 / アイドル時:約18.0時間"", ""weight"": ""約634g""}"
富士通,ノートパソコン,FMV,Note U (U77-K3),UA-K1,FMVU77K3BA; FMVU77K3HA; FMVU77K3WA; FMVUASK1BA; FMVUX5K3BA; UA-K1; UX-K3,,いいえ,はい,世界最軽量モバイルノート 約634g | ハイスペックCopilot+ PC (最大47TOPS / 動画再生約15.5時間・アイドル約36.0時間 / 約848g),0.0,Windows 11 Home,Microsoft 365 Personal (24か月版) / Office Home & Business 2024,14.0型ワイド (狭額縁) 1920×1200ドット (WUXGA) ノングレア液晶 (高輝度・高色純度・広視野角),"インテル® Core™ Ultra 7 プロセッサー 155H (16コア/22スレッド, Pコア最大4.8GHz)",インテル® AI Boost (最大11TOPS),インテル® Arc™ グラフィックス,"16GB (LPDDR5X-7467, 増設・交換不可)",約512GB SSD (PCIe Gen4),"Wi-Fi 7 (5.76Gbps対応), Bluetooth®","Thunderbolt™ 4 USB4 (Gen3)×2 (USB Power Delivery対応, DisplayPort Alt Mode対応) / USB 3.2 (Gen1)×2 (うち1つは電源オフUSB充電機能付) / HDMI出力端子×1",13.5,35,308.8,209,16.3,869,"{""os"": ""Windows 11 Home"", ""office"": ""Microsoft 365 Basic + Office Home & Business 2024"", ""display"": ""14.0型ワイド WUXGA"", ""cpu"": ""インテル® Core™ Ultra 7 プロセッサー 258V"", ""npu"": ""インテル® AI Boost (最大47TOPS)"", ""memory"": ""32GB LPDDR5X-8533"", ""ssd"": ""約512GB"", ""wireless"": ""Wi-Fi 7"", ""battery_life"": ""動画再生時:約15.5時間 / アイドル時:約36.0時間"", ""weight"": ""約848g""} / {""os"": ""Windows 11 Home"", ""office"": ""Microsoft 365 Personal (24か月版) / Office Home & Business 2024 オプション付"", ""display"": ""14.0型ワイド WUXGA"", ""cpu"": ""インテル® Core™ Ultra 7 プロセッサー 255U"", ""npu"": ""インテル® AI Boost (最大12TOPS)"", ""memory"": ""16GB LPDDR5X-8400"", ""ssd"": ""約512GB"", ""wireless"": ""Wi-Fi 7"", ""battery_life"": ""動画再生時:約7.0時間 / アイドル時:約18.0時間"", ""weight"": ""約634g""} / {""os"": ""Windows 11 Home"", ""office"": ""Microsoft 365 Basic + Office Home & Business 2024"", ""display"": ""14.0型ワイド WUXGA"", ""cpu"": ""インテル® Core™ Ultra 7 プロセッサー 258V"", ""npu"": ""インテル® AI Boost (最大47TOPS)"", ""memory"": ""32GB LPDDR5X-8533"", ""ssd"": ""約512GB"", ""wireless"": ""Wi-Fi 7"", ""battery_life"": ""動画再生時:約15.5時間 / アイドル時:約36.0時間"", ""weight"": ""約848g""} / {""os"": ""Windows 11 Home"", ""office"": ""Microsoft 365 Personal (24か月版) / Office Home & Business 2024 オプション付"", ""display"": ""14.0型ワイド WUXGA"", ""cpu"": ""インテル® Core™ Ultra 7 プロセッサー 255U"", ""npu"": ""インテル® AI Boost (最大12TOPS)"", ""memory"": ""16GB LPDDR5X-8400"", ""ssd"": ""約512GB"", ""wireless"": ""Wi-Fi 7"", ""battery_life"": ""動画再生時:約7.0時間 / アイドル時:約18.0時間"", ""weight"": ""約634g""}"
富士通,ノートパソコン,FMV,Note U (U77-K3),UX-K3,FMVU77K3BA; FMVU77K3HA; FMVU77K3WA; FMVUASK1BA; FMVUX5K3BA; UA-K1; UX-K3,,いいえ,はい,世界最軽量モバイルノート 約634g | ハイスペックCopilot+ PC (最大47TOPS / 動画再生約15.5時間・アイドル約36.0時間 / 約848g),0.0,Windows 11 Home,Microsoft 365 Personal (24か月版) / Office Home & Business 2024,14.0型ワイド (狭額縁) 1920×1200ドット (WUXGA) ノングレア液晶 (高輝度・高色純度・広視野角),"インテル® Core™ Ultra 7 プロセッサー 155H (16コア/22スレッド, Pコア最大4.8GHz)",インテル® AI Boost (最大11TOPS),インテル® Arc™ グラフィックス,"16GB (LPDDR5X-7467, 増設・交換不可)",約512GB SSD (PCIe Gen4),"Wi-Fi 7 (5.76Gbps対応), Bluetooth®","Thunderbolt™ 4 USB4 (Gen3)×2 (USB Power Delivery対応, DisplayPort Alt Mode対応) / USB 3.2 (Gen1)×2 (うち1つは電源オフUSB充電機能付) / HDMI出力端子×1",13.5,35,308.8,209,16.3,869,"{""os"": ""Windows 11 Home"", ""office"": ""Microsoft 365 Basic + Office Home & Business 2024"", ""display"": ""14.0型ワイド WUXGA"", ""cpu"": ""インテル® Core™ Ultra 7 プロセッサー 258V"", ""npu"": ""インテル® AI Boost (最大47TOPS)"", ""memory"": ""32GB LPDDR5X-8533"", ""ssd"": ""約512GB"", ""wireless"": ""Wi-Fi 7"", ""battery_life"": ""動画再生時:約15.5時間 / アイドル時:約36.0時間"", ""weight"": ""約848g""} / {""os"": ""Windows 11 Home"", ""office"": ""Microsoft 365 Personal (24か月版) / Office Home & Business 2024 オプション付"", ""display"": ""14.0型ワイド WUXGA"", ""cpu"": ""インテル® Core™ Ultra 7 プロセッサー 255U"", ""npu"": ""インテル® AI Boost (最大12TOPS)"", ""memory"": ""16GB LPDDR5X-8400"", ""ssd"": ""約512GB"", ""wireless"": ""Wi-Fi 7"", ""battery_life"": ""動画再生時:約7.0時間 / アイドル時:約18.0時間"", ""weight"": ""約634g""} / {""os"": ""Windows 11 Home"", ""office"": ""Microsoft 365 Basic + Office Home & Business 2024"", ""display"": ""14.0型ワイド WUXGA"", ""cpu"": ""インテル® Core™ Ultra 7 プロセッサー 258V"", ""npu"": ""インテル® AI Boost (最大47TOPS)"", ""memory"": ""32GB LPDDR5X-8533"", ""ssd"": ""約512GB"", ""wireless"": ""Wi-Fi 7"", ""battery_life"": ""動画再生時:約15.5時間 / アイドル時:約36.0時間"", ""weight"": ""約848g""} / {""os"": ""Windows 11 Home"", ""office"": ""Microsoft 365 Personal (24か月版) / Office Home & Business 2024 オプション付"", ""display"": ""14.0型ワイド WUXGA"", ""cpu"": ""インテル® Core™ Ultra 7 プロセッサー 255U"", ""npu"": ""インテル® AI Boost (最大12TOPS)"", ""memory"": ""16GB LPDDR5X-8400"", ""ssd"": ""約512GB"", ""wireless"": ""Wi-Fi 7"", ""battery_life"": ""動画再生時:約7.0時間 / アイドル時:約18.0時間"", ""weight"": ""約634g""}"
富士通,ノートパソコン,FMV,Note M (M55-K3),FMVM55K3BA,FMVM55K3BA; FMVM55K3SA,,いいえ,いいえ,,1.0,Windows 11 Home,Microsoft 365 Personal (24か月版) / Office Home & Business 2024,14.0型ワイド (狭額縁) 1920×1200ドット (WUXGA) スーパーファイン液晶 (高輝度・広視野角),"AMD Ryzen™ 5 7535U プロセッサ (6コア/12スレッド, 最大4.55GHz)",,AMD Radeon™ 660M,"16GB (LPDDR5X-5500, 増設・交換不可)",約256GB SSD (PCIe Gen4),"Wi-Fi 6E (2.4Gbps対応), Bluetooth®","USB4 (Gen3)×1, USB 3.2 (Gen2)×1 (USB Power Delivery対応, DisplayPort Alt Mode対応) / USB 3.2 (Gen2)×1 / HDMI出力端子×1",9.9,18.5,313.4,223,19.8,1300,
富士通,ノートパソコン,FMV,Note M (M55-K3),FMVM55K3SA,FMVM55K3BA; FMVM55K3SA,,いいえ,いいえ,,1.0,Windows 11 Home,Microsoft 365 Personal (24か月版) / Office Home & Business 2024,14.0型ワイド (狭額縁) 1920×1200ドット (WUXGA) スーパーファイン液晶 (高輝度・広視野角),"AMD Ryzen™ 5 7535U プロセッサ (6コア/12スレッド, 最大4.55GHz)",,AMD Radeon™ 660M,"16GB (LPDDR5X-5500, 増設・交換不可)",約256GB SSD (PCIe Gen4),"Wi-Fi 6E (2.4Gbps対応), Bluetooth®","USB4 (Gen3)×1, USB 3.2 (Gen2)×1 (USB Power Delivery対応, DisplayPort Alt Mode対応) / USB 3.2 (Gen2)×1 / HDMI出力端子×1",9.9,18.5,313.4,223,19.8,1300,
富士通,ノートパソコン,FMV,Note C (CZ-K1),FMVCZK1EA,FMVCZK1EA; FMVCZK1MA; FMVCZK1SA,,いいえ,はい,,1.0,Windows 11 Home,Microsoft Office Home & Business 2024,13.3型ワイド (狭額縁) 1920×1200ドット (WUXGA) フルフラットファインパネル (高輝度・高色純度・広視野角),"インテル® Core™ Ultra 5 プロセッサー 134U (12コア/14スレッド, Pコア最大4.4GHz)",インテル® AI Boost (最大11TOPS),インテル® グラフィックス,"16GB (LPDDR5X-6400, 増設・交換不可)",約256GB SSD (PCIe Gen4),"Wi-Fi 7 (5.76Gbps対応), Bluetooth®","USB 3.2 (Gen2×2)×2 (USB Power Delivery対応, DisplayPort Alt Mode対応)",13.9,24.2,297,210,13.9,1187,
富士通,ノートパソコン,FMV,Note C (CZ-K1),FMVCZK1MA,FMVCZK1EA; FMVCZK1MA; FMVCZK1SA,,いいえ,はい,,1.0,Windows 11 Home,Microsoft Office Home & Business 2024,13.3型ワイド (狭額縁) 1920×1200ドット (WUXGA) フルフラットファインパネル (高輝度・高色純度・広視野角),"インテル® Core™ Ultra 5 プロセッサー 134U (12コア/14スレッド, Pコア最大4.4GHz)",インテル® AI Boost (最大11TOPS),インテル® グラフィックス,"16GB (LPDDR5X-6400, 増設・交換不可)",約256GB SSD (PCIe Gen4),"Wi-Fi 7 (5.76Gbps対応), Bluetooth®","USB 3.2 (Gen2×2)×2 (USB Power Delivery対応, DisplayPort Alt Mode対応)",13.9,24.2,297,210,13.9,1187,
富士通,ノートパソコン,FMV,Note C (CZ-K1),FMVCZK1SA,FMVCZK1EA; FMVCZK1MA; FMVCZK1SA,,いいえ,はい,,1.0,Windows 11 Home,Microsoft Office Home & Business 2024,13.3型ワイド (狭額縁) 1920×1200ドット (WUXGA) フルフラットファインパネル (高輝度・高色純度・広視野角),"インテル® Core™ Ultra 5 プロセッサー 134U (12コア/14スレッド, Pコア最大4.4GHz)",インテル® AI Boost (最大11TOPS),インテル® グラフィックス,"16GB (LPDDR5X-6400, 増設・交換不可)",約256GB SSD (PCIe Gen4),"Wi-Fi 7 (5.76Gbps対応), Bluetooth®","USB 3.2 (Gen2×2)×2 (USB Power Delivery対応, DisplayPort Alt Mode対応)",13.9,24.2,297,210,13.9,1187,
富士通,ノートパソコン,FMV,Note P (P75-L1),FMVP75L1HA,FMVP75L1HA,,いいえ,はい,,1.0,Windows 11 Home,Microsoft 365 Personal (24か月版) / Office Home & Business 2024,16.0型ワイド (狭額縁) 1920×1200ドット (WUXGA) ノングレア液晶 (高輝度・広視野角),"AMD Ryzen™ 7 250 プロセッサ (8コア/16スレッド, 最大5.1GHz)",AMD Ryzen™ AI (最大16TOPS),AMD Radeon™ 780M,"16GB (LPDDR5X-7500, 増設・交換不可)",約512GB SSD (PCIe Gen4),"Wi-Fi 7 (2.88Gbps対応), Bluetooth®","USB4 (Gen3×2)×2 (USB Power Delivery対応, DisplayPort Alt Mode対応) / USB 3.2 (Gen1)×2 (うち1つは電源オフUSB充電機能付) / HDMI出力端子×1",12.3,19.3,355,243,19.7,1680,
富士通,ノートパソコン,FMV,Note A (A79-L1),FMVA79L1BA,FMVA79L1BA,,はい,はい,,1.0,Windows 11 Home,Microsoft 365 Personal (24か月版) / Office Home & Business 2024,16.0型ワイド (狭額縁) 1920×1200ドット (WUXGA) フルフラットファインパネル (高輝度・高色純度・広視野角),"AMD Ryzen™ AI 7 445 プロセッサ (6コア/12スレッド, 最大4.6GHz)",AMD Ryzen™ AI (最大50TOPS),AMD Radeon™ 840M,"16GB (LPDDR5X-7500, 増設・交換不可)",約512GB SSD (PCIe Gen4),"Wi-Fi 7 (5.76Gbps対応), Bluetooth®","USB4 (Gen3×2)×2 (USB Power Delivery対応, DisplayPort Alt Mode対応) / USB 3.2 (Gen1)×2 (うち1つは電源オフUSB充電機能付) / HDMI出力端子×1 / SDメモリーカード対応",15.2,24.1,355,249,19.9,1890,
富士通,ノートパソコン,FMV,Note A (A77-K3 / A75-K3 / A53-K3),FMVA53K3BA,FMVA53K3BA; FMVA53K3SA; FMVA75K3BA; FMVA75K3GA; FMVA75K3SA; FMVA77K3BA; FMVA77K3GA; FMVA77K3SA,,いいえ,いいえ,,1.0,Windows 11 Home,Microsoft 365 Personal (24か月版) / Office Home & Business 2024,16.0型ワイド (狭額縁) 1920×1200ドット (WUXGA) スーパーファイン液晶 (高輝度・広視野角),,,,16GB (DDR5-4800 / DDR5-5200),約512GB SSD / 約256GB SSD (PCIe Gen4),"Wi-Fi 7 (5.76Gbps対応), Bluetooth®","USB4 (Gen3)×1, USB 3.2 (Gen2)×1 (USB Power Delivery対応, DisplayPort Alt Mode対応) / USB 3.2 (Gen1)×2 / USB 3.2 (Gen2)×1 / HDMI出力端子×1 / SDメモリーカード対応",約4.8時間〜6.7時間,約9.4時間〜11.6時間,360,243.5,26.8,1900,
富士通,ノートパソコン,FMV,Note A (A77-K3 / A75-K3 / A53-K3),FMVA53K3SA,FMVA53K3BA; FMVA53K3SA; FMVA75K3BA; FMVA75K3GA; FMVA75K3SA; FMVA77K3BA; FMVA77K3GA; FMVA77K3SA,,いいえ,いいえ,,1.0,Windows 11 Home,Microsoft 365 Personal (24か月版) / Office Home & Business 2024,16.0型ワイド (狭額縁) 1920×1200ドット (WUXGA) スーパーファイン液晶 (高輝度・広視野角),,,,16GB (DDR5-4800 / DDR5-5200),約512GB SSD / 約256GB SSD (PCIe Gen4),"Wi-Fi 7 (5.76Gbps対応), Bluetooth®","USB4 (Gen3)×1, USB 3.2 (Gen2)×1 (USB Power Delivery対応, DisplayPort Alt Mode対応) / USB 3.2 (Gen1)×2 / USB 3.2 (Gen2)×1 / HDMI出力端子×1 / SDメモリーカード対応",約4.8時間〜6.7時間,約9.4時間〜11.6時間,360,243.5,26.8,1900,
富士通,ノートパソコン,FMV,Note A (A77-K3 / A75-K3 / A53-K3),FMVA75K3BA,FMVA53K3BA; FMVA53K3SA; FMVA75K3BA; FMVA75K3GA; FMVA75K3SA; FMVA77K3BA; FMVA77K3GA; FMVA77K3SA,,いいえ,いいえ,,1.0,Windows 11 Home,Microsoft 365 Personal (24か月版) / Office Home & Business 2024,16.0型ワイド (狭額縁) 1920×1200ドット (WUXGA) スーパーファイン液晶 (高輝度・広視野角),,,,16GB (DDR5-4800 / DDR5-5200),約512GB SSD / 約256GB SSD (PCIe Gen4),"Wi-Fi 7 (5.76Gbps対応), Bluetooth®","USB4 (Gen3)×1, USB 3.2 (Gen2)×1 (USB Power Delivery対応, DisplayPort Alt Mode対応) / USB 3.2 (Gen1)×2 / USB 3.2 (Gen2)×1 / HDMI出力端子×1 / SDメモリーカード対応",約4.8時間〜6.7時間,約9.4時間〜11.6時間,360,243.5,26.8,1900,
富士通,ノートパソコン,FMV,Note A (A77-K3 / A75-K3 / A53-K3),FMVA75K3GA,FMVA53K3BA; FMVA53K3SA; FMVA75K3BA; FMVA75K3GA; FMVA75K3SA; FMVA77K3BA; FMVA77K3GA; FMVA77K3SA,,いいえ,いいえ,,1.0,Windows 11 Home,Microsoft 365 Personal (24か月版) / Office Home & Business 2024,16.0型ワイド (狭額縁) 1920×1200ドット (WUXGA) スーパーファイン液晶 (高輝度・広視野角),,,,16GB (DDR5-4800 / DDR5-5200),約512GB SSD / 約256GB SSD (PCIe Gen4),"Wi-Fi 7 (5.76Gbps対応), Bluetooth®","USB4 (Gen3)×1, USB 3.2 (Gen2)×1 (USB Power Delivery対応, DisplayPort Alt Mode対応) / USB 3.2 (Gen1)×2 / USB 3.2 (Gen2)×1 / HDMI出力端子×1 / SDメモリーカード対応",約4.8時間〜6.7時間,約9.4時間〜11.6時間,360,243.5,26.8,1900,
富士通,ノートパソコン,FMV,Note A (A77-K3 / A75-K3 / A53-K3),FMVA75K3SA,FMVA53K3BA; FMVA53K3SA; FMVA75K3BA; FMVA75K3GA; FMVA75K3SA; FMVA77K3BA; FMVA77K3GA; FMVA77K3SA,,いいえ,いいえ,,1.0,Windows 11 Home,Microsoft 365 Personal (24か月版) / Office Home & Business 2024,16.0型ワイド (狭額縁) 1920×1200ドット (WUXGA) スーパーファイン液晶 (高輝度・広視野角),,,,16GB (DDR5-4800 / DDR5-5200),約512GB SSD / 約256GB SSD (PCIe Gen4),"Wi-Fi 7 (5.76Gbps対応), Bluetooth®","USB4 (Gen3)×1, USB 3.2 (Gen2)×1 (USB Power Delivery対応, DisplayPort Alt Mode対応) / USB 3.2 (Gen1)×2 / USB 3.2 (Gen2)×1 / HDMI出力端子×1 / SDメモリーカード対応",約4.8時間〜6.7時間,約9.4時間〜11.6時間,360,243.5,26.8,1900,
富士通,ノートパソコン,FMV,Note A (A77-K3 / A75-K3 / A53-K3),FMVA77K3BA,FMVA53K3BA; FMVA53K3SA; FMVA75K3BA; FMVA75K3GA; FMVA75K3SA; FMVA77K3BA; FMVA77K3GA; FMVA77K3SA,,いいえ,いいえ,,1.0,Windows 11 Home,Microsoft 365 Personal (24か月版) / Office Home & Business 2024,16.0型ワイド (狭額縁) 1920×1200ドット (WUXGA) スーパーファイン液晶 (高輝度・広視野角),,,,16GB (DDR5-4800 / DDR5-5200),約512GB SSD / 約256GB SSD (PCIe Gen4),"Wi-Fi 7 (5.76Gbps対応), Bluetooth®","USB4 (Gen3)×1, USB 3.2 (Gen2)×1 (USB Power Delivery対応, DisplayPort Alt Mode対応) / USB 3.2 (Gen1)×2 / USB 3.2 (Gen2)×1 / HDMI出力端子×1 / SDメモリーカード対応",約4.8時間〜6.7時間,約9.4時間〜11.6時間,360,243.5,26.8,1900,
富士通,ノートパソコン,FMV,Note A (A77-K3 / A75-K3 / A53-K3),FMVA77K3GA,FMVA53K3BA; FMVA53K3SA; FMVA75K3BA; FMVA75K3GA; FMVA75K3SA; FMVA77K3BA; FMVA77K3GA; FMVA77K3SA,,いいえ,いいえ,,1.0,Windows 11 Home,Microsoft 365 Personal (24か月版) / Office Home & Business 2024,16.0型ワイド (狭額縁) 1920×1200ドット (WUXGA) スーパーファイン液晶 (高輝度・広視野角),,,,16GB (DDR5-4800 / DDR5-5200),約512GB SSD / 約256GB SSD (PCIe Gen4),"Wi-Fi 7 (5.76Gbps対応), Bluetooth®","USB4 (Gen3)×1, USB 3.2 (Gen2)×1 (USB Power Delivery対応, DisplayPort Alt Mode対応) / USB 3.2 (Gen1)×2 / USB 3.2 (Gen2)×1 / HDMI出力端子×1 / SDメモリーカード対応",約4.8時間〜6.7時間,約9.4時間〜11.6時間,360,243.5,26.8,1900,
富士通,ノートパソコン,FMV,Note A (A77-K3 / A75-K3 / A53-K3),FMVA77K3SA,FMVA53K3BA; FMVA53K3SA; FMVA75K3BA; FMVA75K3GA; FMVA75K3SA; FMVA77K3BA; FMVA77K3GA; FMVA77K3SA,,いいえ,いいえ,,1.0,Windows 11 Home,Microsoft 365 Personal (24か月版) / Office Home & Business 2024,16.0型ワイド (狭額縁) 1920×1200ドット (WUXGA) スーパーファイン液晶 (高輝度・広視野角),,,,16GB (DDR5-4800 / DDR5-5200),約512GB SSD / 約256GB SSD (PCIe Gen4),"Wi-Fi 7 (5.76Gbps対応), Bluetooth®","USB4 (Gen3)×1, USB 3.2 (Gen2)×1 (USB Power Delivery対応, DisplayPort Alt Mode対応) / USB 3.2 (Gen1)×2 / USB 3.2 (Gen2)×1 / HDMI出力端子×1 / SDメモリーカード対応",約4.8時間〜6.7時間,約9.4時間〜11.6時間,360,243.5,26.8,1900,
富士通,一体型デスクトップ,FMV,Desktop F (F77-L1),F77-L1,F77-L1; FMVF77L1BA,大画面オールインワンデスクトップ,はい,いいえ,大画面オールインワンデスクトップ (27.0型 AMD Ryzen AI 7搭載) Copilot+ PC対応,1.0,Windows 11 Home,Microsoft 365 Personal (24か月版) / Office Home & Business 2024,27.0型ワイド (狭額縁) 2560×1440ドット (QHD) スーパーファイン低反射液晶 (高解像度・高輝度・広視野角),"AMD Ryzen™ AI 7 350 プロセッサ (8コア/16スレッド, 最大5.0GHz)",AMD Ryzen™ AI (最大50TOPS),AMD Radeon™ 860M,"32GB (DDR5-5600, 最大64GB)",約1TB SSD (PCIe Gen4),"Wi-Fi 6E (2.4Gbps対応), Bluetooth®","USB 3.2 (Gen2)×1 (Type-C) / USB 3.2 (Gen2)×2, USB 3.2 (Gen1)×1 (Type-A) / HDMI入力端子×1, HDMI出力端子×1 / SDメモリーカードスロット",,,616,189,437,8000,ライブキャプション / Windows 検索の改善 / リスタイルイメージ / 写真の超解像度 / Click to Do (プレビュー) / コクリエーター / 生成フィル / リコール (プレビュー) / ライブキャプション / Windows 検索の改善 / リスタイルイメージ / 写真の超解像度 / Click to Do (プレビュー) / コクリエーター / 生成フィル / リコール (プレビュー)
富士通,一体型デスクトップ,FMV,Desktop F (F77-L1),FMVF77L1BA,F77-L1; FMVF77L1BA,大画面オールインワンデスクトップ,はい,いいえ,大画面オールインワンデスクトップ (27.0型 AMD Ryzen AI 7搭載) Copilot+ PC対応,1.0,Windows 11 Home,Microsoft 365 Personal (24か月版) / Office Home & Business 2024,27.0型ワイド (狭額縁) 2560×1440ドット (QHD) スーパーファイン低反射液晶 (高解像度・高輝度・広視野角),"AMD Ryzen™ AI 7 350 プロセッサ (8コア/16スレッド, 最大5.0GHz)",AMD Ryzen™ AI (最大50TOPS),AMD Radeon™ 860M,"32GB (DDR5-5600, 最大64GB)",約1TB SSD (PCIe Gen4),"Wi-Fi 6E (2.4Gbps対応), Bluetooth®","USB 3.2 (Gen2)×1 (Type-C) / USB 3.2 (Gen2)×2, USB 3.2 (Gen1)×1 (Type-A) / HDMI入力端子×1, HDMI出力端子×1 / SDメモリーカードスロット",,,616,189,437,8000,ライブキャプション / Windows 検索の改善 / リスタイルイメージ / 写真の超解像度 / Click to Do (プレビュー) / コクリエーター / 生成フィル / リコール (プレビュー) / ライブキャプション / Windows 検索の改善 / リスタイルイメージ / 写真の超解像度 / Click to Do (プレビュー) / コクリエーター / 生成フィル / リコール (プレビュー)
富士通,一体型デスクトップ,FMV,Desktop F (F75-L1 / F55-L1),FMVF55L1WA,FMVF55L1WA; FMVF75L1BA,,いいえ,いいえ,,1.0,Windows 11 Home,Microsoft 365 Personal (24か月版) / Office Home & Business 2024,23.8型ワイド (狭額縁) 1920×1080ドット (Full HD) スーパーファイン低反射液晶 (高輝度・広視野角),,,,"16GB (DDR5-5600, 最大64GB)",約512GB SSD (PCIe Gen4),"Wi-Fi 6E (2.4Gbps対応), Bluetooth®","USB 3.2 (Gen2)×1 (Type-C) / USB 3.2 (Gen2)×2, USB 3.2 (Gen1)×1 (Type-A) / HDMI入力端子×1, HDMI出力端子×1 / SDメモリーカードスロット",,,544,189,395,6200,
富士通,一体型デスクトップ,FMV,Desktop F (F75-L1 / F55-L1),FMVF75L1BA,FMVF55L1WA; FMVF75L1BA,,いいえ,いいえ,,1.0,Windows 11 Home,Microsoft 365 Personal (24か月版) / Office Home & Business 2024,23.8型ワイド (狭額縁) 1920×1080ドット (Full HD) スーパーファイン低反射液晶 (高輝度・広視野角),,,,"16GB (DDR5-5600, 最大64GB)",約512GB SSD (PCIe Gen4),"Wi-Fi 6E (2.4Gbps対応), Bluetooth®","USB 3.2 (Gen2)×1 (Type-C) / USB 3.2 (Gen2)×2, USB 3.2 (Gen1)×1 (Type-A) / HDMI入力端子×1, HDMI出力端子×1 / SDメモリーカードスロット",,,544,189,395,6200,
VAIO,ノートパソコン,VAIO,SX12,VAIO SX12,VAIO SX12,ハイエンドコンパクトモバイル,いいえ,いいえ,ハイエンドコンパクトモバイル (12.5型ワイド),1.0,,,,,,,,,,,,,,,,,
